agent_id,o_zone_id,d_zone_id,path_id,o_node_id,d_node_id,agent_type,demand_period,volume,cost,departure_time,travel_time,arrival_time,distance,opti_cost,oc_diff,relative_diff,node_sequence,link_sequence,time_sequence,time_decimal_sequence
1,1,2,0,1,2,p,AM,100 ,0,0,6 ,8 ,6,0,0,0,1;2;,1;,0830;0836;,510.00;516.00;
1,1,3,0,1,3,p,AM,100 ,0,0,4 ,6 ,4,0,0,0,1;3;,2;,0830;0834;,510.00;514.01;
1,1,4,0,1,4,p,AM,500 ,0,0,8 ,10 ,8,0,0,0,1;3;4;,2;6;,0830;0834;0838;,510.00;514.01;518.34;
1,1,5,0,1,5,p,AM,200 ,0,0,11 ,13 ,10,0,0,0,1;3;4;5;,2;6;9;,0830;0834;0838;0840;,510.00;514.01;518.34;520.71;
1,1,6,0,1,6,p,AM,299 ,0,0,12 ,14 ,11,0,0,0,1;2;6;,1;4;,0830;0836;0842;,510.00;516.00;522.15;
1,1,7,0,1,7,p,AM,495 ,0,0,35 ,37 ,16,0,0,0,1;2;6;8;7;,1;4;16;20;,0830;0836;0842;0858;0904;,510.00;516.00;522.15;538.53;544.57;
1,1,8,0,1,8,p,AM,794 ,0,0,29 ,31 ,13,0,0,0,1;2;6;8;,1;4;16;,0830;0836;0842;0858;,510.00;516.00;522.15;538.53;
1,1,9,0,1,9,p,AM,499 ,0,0,20 ,22 ,15,0,0,0,1;3;4;5;9;,2;6;9;13;,0830;0834;0838;0840;0850;,510.00;514.01;518.34;520.71;530.17;
1,1,10,0,1,10,p,AM,1294 ,0,0,26 ,28 ,18,0,0,0,1;3;4;5;9;10;,2;6;9;13;25;,0830;0834;0838;0840;0850;0855;,510.00;514.01;518.34;520.71;530.17;535.83;
1,1,11,0,1,11,p,AM,498 ,0,0,16 ,18 ,14,0,0,0,1;3;4;11;,2;6;10;,0830;0834;0838;0845;,510.00;514.01;518.34;525.54;
1,1,12,0,1,12,p,AM,200 ,0,0,8 ,10 ,8,0,0,0,1;3;12;,2;7;,0830;0834;0838;,510.00;514.01;518.04;
1,1,13,0,1,13,p,AM,500 ,0,0,11 ,13 ,11,0,0,0,1;3;12;13;,2;7;37;,0830;0834;0838;0841;,510.00;514.01;518.04;521.06;
1,1,14,0,1,14,p,AM,296 ,0,0,28 ,30 ,18,0,0,0,1;3;4;11;14;,2;6;10;34;,0830;0834;0838;0845;0858;,510.00;514.01;518.34;525.54;538.24;
1,1,15,1,1,15,p,AM,496 ,0,0,39 ,41 ,24,0,0,0,1;3;4;5;9;10;15;,2;6;9;13;25;28;,0830;0834;0838;0840;0850;0855;0908;,510.00;514.01;518.34;520.71;530.17;535.83;548.57;
1,1,16,4,1,16,p,AM,55 ,0,0,40 ,42 ,21,0,0,0,1;2;6;8;7;18;16;,1;4;16;20;18;55;,0830;0836;0842;0858;0904;0906;0909;,510.00;516.00;522.15;538.53;544.57;546.63;549.89;
1,1,16,0,1,16,p,AM,441 ,0,0,40 ,42 ,18,0,0,0,1;2;6;8;16;,1;4;16;22;,0830;0836;0842;0858;0909;,510.00;516.00;522.15;538.53;549.85;
1,1,17,1,1,17,p,AM,397 ,0,0,42 ,44 ,26,0,0,0,1;3;4;5;9;10;17;,2;6;9;13;25;30;,0830;0834;0838;0840;0850;0855;0912;,510.00;514.01;518.34;520.71;530.17;535.83;552.17;
1,1,18,0,1,18,p,AM,99 ,0,0,37 ,39 ,18,0,0,0,1;2;6;8;7;18;,1;4;16;20;18;,0830;0836;0842;0858;0904;0906;,510.00;516.00;522.15;538.53;544.57;546.63;
1,1,19,1,1,19,p,AM,298 ,0,0,43 ,45 ,27,0,0,0,1;3;4;5;9;10;15;19;,2;6;9;13;25;28;45;,0830;0834;0838;0840;0850;0855;0908;0912;,510.00;514.01;518.34;520.71;530.17;535.83;548.57;552.52;
1,1,20,0,1,20,p,AM,297 ,0,0,41 ,43 ,22,0,0,0,1;2;6;8;7;18;20;,1;4;16;20;18;56;,0830;0836;0842;0858;0904;0906;0910;,510.00;516.00;522.15;538.53;544.57;546.63;550.99;
1,1,21,0,1,21,p,AM,100 ,0,0,40 ,42 ,18,0,0,0,1;3;12;13;24;21;,2;7;37;39;75;,0830;0834;0838;0841;0858;0909;,510.00;514.01;518.04;521.06;538.19;549.97;
1,1,22,1,1,22,p,AM,143 ,0,0,44 ,46 ,21,0,0,0,1;3;12;13;24;23;22;,2;7;37;39;76;72;,0830;0834;0838;0841;0858;0901;0914;,510.00;514.01;518.04;521.06;538.19;541.83;554.01;
1,1,22,0,1,22,p,AM,256 ,0,0,44 ,46 ,20,0,0,0,1;3;12;13;24;21;22;,2;7;37;39;75;65;,0830;0834;0838;0841;0858;0909;0913;,510.00;514.01;518.04;521.06;538.19;549.97;553.91;
1,1,23,0,1,23,p,AM,299 ,0,0,32 ,34 ,17,0,0,0,1;3;12;13;24;23;,2;7;37;39;76;,0830;0834;0838;0841;0858;0901;,510.00;514.01;518.04;521.06;538.19;541.83;
1,1,24,0,1,24,p,AM,100 ,0,0,28 ,30 ,15,0,0,0,1;3;12;13;24;,2;7;37;39;,0830;0834;0838;0841;0858;,510.00;514.01;518.04;521.06;538.19;
1,2,1,0,2,1,p,AM,100 ,0,0,6 ,8 ,6,0,0,0,2;1;,3;,0830;0836;,510.00;516.00;
1,2,3,0,2,3,p,AM,100 ,0,0,10 ,12 ,10,0,0,0,2;1;3;,3;2;,0830;0836;0840;,510.00;516.00;520.01;
1,2,4,1,2,4,p,AM,200 ,0,0,14 ,16 ,14,0,0,0,2;1;3;4;,3;2;6;,0830;0836;0840;0844;,510.00;516.00;520.01;524.35;
1,2,5,0,2,5,p,AM,100 ,0,0,16 ,18 ,9,0,0,0,2;6;5;,4;15;,0830;0836;0845;,510.00;516.15;525.65;
1,2,6,0,2,6,p,AM,399 ,0,0,6 ,8 ,5,0,0,0,2;6;,4;,0830;0836;,510.00;516.15;
1,2,7,0,2,7,p,AM,199 ,0,0,29 ,31 ,10,0,0,0,2;6;8;7;,4;16;20;,0830;0836;0852;0858;,510.00;516.15;532.52;538.57;
1,2,8,0,2,8,p,AM,398 ,0,0,23 ,25 ,7,0,0,0,2;6;8;,4;16;,0830;0836;0852;,510.00;516.15;532.52;
1,2,9,0,2,9,p,AM,200 ,0,0,25 ,27 ,14,0,0,0,2;6;5;9;,4;15;13;,0830;0836;0845;0855;,510.00;516.15;525.65;535.11;
1,2,10,1,2,10,p,AM,596 ,0,0,32 ,34 ,24,0,0,0,2;1;3;4;5;9;10;,3;2;6;9;13;25;,0830;0836;0840;0844;0846;0856;0901;,510.00;516.00;520.01;524.35;526.71;536.17;541.83;
1,2,11,1,2,11,p,AM,199 ,0,0,22 ,24 ,20,0,0,0,2;1;3;4;11;,3;2;6;10;,0830;0836;0840;0844;0851;,510.00;516.00;520.01;524.35;531.54;
1,2,12,0,2,12,p,AM,100 ,0,0,14 ,16 ,14,0,0,0,2;1;3;12;,3;2;7;,0830;0836;0840;0844;,510.00;516.00;520.01;524.04;
1,2,13,0,2,13,p,AM,300 ,0,0,17 ,19 ,17,0,0,0,2;1;3;12;13;,3;2;7;37;,0830;0836;0840;0844;0847;,510.00;516.00;520.01;524.04;527.06;
1,2,14,3,2,14,p,AM,99 ,0,0,34 ,36 ,24,0,0,0,2;1;3;4;11;14;,3;2;6;10;34;,0830;0836;0840;0844;0851;0904;,510.00;516.00;520.01;524.35;531.54;544.24;
1,2,15,1,2,15,p,AM,99 ,0,0,45 ,47 ,30,0,0,0,2;1;3;4;5;9;10;15;,3;2;6;9;13;25;28;,0830;0836;0840;0844;0846;0856;0901;0914;,510.00;516.00;520.01;524.35;526.71;536.17;541.83;554.57;
1,2,16,3,2,16,p,AM,45 ,0,0,34 ,36 ,15,0,0,0,2;6;8;7;18;16;,4;16;20;18;55;,0830;0836;0852;0858;0900;0903;,510.00;516.15;532.52;538.57;540.63;543.89;
1,2,16,0,2,16,p,AM,353 ,0,0,34 ,36 ,12,0,0,0,2;6;8;16;,4;16;22;,0830;0836;0852;0903;,510.00;516.15;532.52;543.85;
1,2,17,2,2,17,p,AM,23 ,0,0,42 ,44 ,17,0,0,0,2;6;8;7;18;16;17;,4;16;20;18;55;49;,0830;0836;0852;0858;0900;0903;0911;,510.00;516.15;532.52;538.57;540.63;543.89;551.81;
1,2,17,0,2,17,p,AM,176 ,0,0,42 ,44 ,14,0,0,0,2;6;8;16;17;,4;16;22;49;,0830;0836;0852;0903;0911;,510.00;516.15;532.52;543.85;551.77;
1,2,19,2,2,19,p,AM,99 ,0,0,43 ,45 ,20,0,0,0,2;6;8;7;18;20;19;,4;16;20;18;56;61;,0830;0836;0852;0858;0900;0904;0912;,510.00;516.15;532.52;538.57;540.63;544.99;552.90;
1,2,20,0,2,20,p,AM,99 ,0,0,35 ,37 ,16,0,0,0,2;6;8;7;18;20;,4;16;20;18;56;,0830;0836;0852;0858;0900;0904;,510.00;516.15;532.52;538.57;540.63;544.99;
1,2,22,0,2,22,p,AM,99 ,0,0,43 ,45 ,21,0,0,0,2;6;8;7;18;20;22;,4;16;20;18;56;63;,0830;0836;0852;0858;0900;0904;0912;,510.00;516.15;532.52;538.57;540.63;544.99;552.76;
1,3,1,0,3,1,p,AM,100 ,0,0,4 ,6 ,4,0,0,0,3;1;,5;,0830;0834;,510.00;514.01;
1,3,2,0,3,2,p,AM,100 ,0,0,10 ,12 ,10,0,0,0,3;1;2;,5;1;,0830;0834;0840;,510.00;514.01;520.01;
1,3,4,0,3,4,p,AM,200 ,0,0,4 ,6 ,4,0,0,0,3;4;,6;,0830;0834;,510.00;514.33;
1,3,5,0,3,5,p,AM,100 ,0,0,7 ,9 ,6,0,0,0,3;4;5;,6;9;,0830;0834;0836;,510.00;514.33;516.70;
1,3,6,1,3,6,p,AM,80 ,0,0,16 ,18 ,15,0,0,0,3;1;2;6;,5;1;4;,0830;0834;0840;0846;,510.00;514.01;520.01;526.17;
1,3,6,0,3,6,p,AM,221 ,0,0,16 ,18 ,10,0,0,0,3;4;5;6;,6;9;12;,0830;0834;0836;0846;,510.00;514.33;516.70;526.15;
1,3,7,1,3,7,p,AM,17 ,0,0,39 ,41 ,24,0,0,0,3;4;5;9;8;7;,6;9;13;24;20;,0830;0834;0836;0846;0902;0908;,510.00;514.33;516.70;526.16;542.54;548.59;
1,3,7,2,3,7,p,AM,18 ,0,0,39 ,41 ,20,0,0,0,3;1;2;6;8;7;,5;1;4;16;20;,0830;0834;0840;0846;0902;0908;,510.00;514.01;520.01;526.17;542.54;548.58;
1,3,7,0,3,7,p,AM,65 ,0,0,39 ,41 ,15,0,0,0,3;4;5;6;8;7;,6;9;12;16;20;,0830;0834;0836;0846;0902;0908;,510.00;514.33;516.70;526.15;542.52;548.56;
1,3,8,1,3,8,p,AM,35 ,0,0,33 ,35 ,21,0,0,0,3;4;5;9;8;,6;9;13;24;,0830;0834;0836;0846;0902;,510.00;514.33;516.70;526.16;542.54;
1,3,8,2,3,8,p,AM,36 ,0,0,33 ,35 ,17,0,0,0,3;1;2;6;8;,5;1;4;16;,0830;0834;0840;0846;0902;,510.00;514.01;520.01;526.17;542.54;
1,3,8,0,3,8,p,AM,130 ,0,0,33 ,35 ,12,0,0,0,3;4;5;6;8;,6;9;12;16;,0830;0834;0836;0846;0902;,510.00;514.33;516.70;526.15;542.52;
1,3,9,0,3,9,p,AM,100 ,0,0,16 ,18 ,11,0,0,0,3;4;5;9;,6;9;13;,0830;0834;0836;0846;,510.00;514.33;516.70;526.16;
1,3,10,0,3,10,p,AM,299 ,0,0,22 ,24 ,14,0,0,0,3;4;5;9;10;,6;9;13;25;,0830;0834;0836;0846;0851;,510.00;514.33;516.70;526.16;531.82;
1,3,11,0,3,11,p,AM,299 ,0,0,12 ,14 ,10,0,0,0,3;4;11;,6;10;,0830;0834;0841;,510.00;514.33;521.53;
1,3,12,0,3,12,p,AM,200 ,0,0,4 ,6 ,4,0,0,0,3;12;,7;,0830;0834;,510.00;514.02;
1,3,13,0,3,13,p,AM,100 ,0,0,7 ,9 ,7,0,0,0,3;12;13;,7;37;,0830;0834;0837;,510.00;514.02;517.05;
1,3,14,0,3,14,p,AM,99 ,0,0,24 ,26 ,14,0,0,0,3;4;11;14;,6;10;34;,0830;0834;0841;0854;,510.00;514.33;521.53;534.23;
1,3,15,1,3,15,p,AM,99 ,0,0,35 ,37 ,20,0,0,0,3;4;5;9;10;15;,6;9;13;25;28;,0830;0834;0836;0846;0851;0904;,510.00;514.33;516.70;526.16;531.82;544.55;
1,3,16,4,3,16,p,AM,15 ,0,0,44 ,46 ,20,0,0,0,3;4;5;6;8;7;18;16;,6;9;12;16;20;18;55;,0830;0834;0836;0846;0902;0908;0910;0913;,510.00;514.33;516.70;526.15;542.52;548.56;550.63;553.89;
1,3,16,5,3,16,p,AM,29 ,0,0,44 ,46 ,26,0,0,0,3;4;5;9;8;16;,6;9;13;24;22;,0830;0834;0836;0846;0902;0913;,510.00;514.33;516.70;526.16;542.54;553.87;
1,3,16,2,3,16,p,AM,33 ,0,0,44 ,46 ,22,0,0,0,3;1;2;6;8;16;,5;1;4;16;22;,0830;0834;0840;0846;0902;0913;,510.00;514.01;520.01;526.17;542.54;553.86;
1,3,16,0,3,16,p,AM,115 ,0,0,44 ,46 ,17,0,0,0,3;4;5;6;8;16;,6;9;12;16;22;,0830;0834;0836;0846;0902;0913;,510.00;514.33;516.70;526.15;542.52;553.85;
1,3,17,1,3,17,p,AM,99 ,0,0,38 ,40 ,22,0,0,0,3;4;5;9;10;17;,6;9;13;25;30;,0830;0834;0836;0846;0851;0908;,510.00;514.33;516.70;526.16;531.82;548.16;
1,3,22,1,3,22,p,AM,36 ,0,0,40 ,42 ,17,0,0,0,3;12;13;24;23;22;,7;37;39;76;72;,0830;0834;0837;0854;0857;0909;,510.00;514.02;517.05;534.17;537.82;549.99;
1,3,22,0,3,22,p,AM,64 ,0,0,40 ,42 ,16,0,0,0,3;12;13;24;21;22;,7;37;39;75;65;,0830;0834;0837;0854;0905;0909;,510.00;514.02;517.05;534.17;545.96;549.90;
1,3,23,0,3,23,p,AM,100 ,0,0,28 ,30 ,13,0,0,0,3;12;13;24;23;,7;37;39;76;,0830;0834;0837;0854;0857;,510.00;514.02;517.05;534.17;537.82;
1,4,1,0,4,1,p,AM,500 ,0,0,8 ,10 ,8,0,0,0,4;3;1;,8;5;,0830;0834;0838;,510.00;514.33;518.35;
1,4,2,1,4,2,p,AM,200 ,0,0,14 ,16 ,14,0,0,0,4;3;1;2;,8;5;1;,0830;0834;0838;0844;,510.00;514.33;518.35;524.35;
1,4,3,0,4,3,p,AM,200 ,0,0,4 ,6 ,4,0,0,0,4;3;,8;,0830;0834;,510.00;514.33;
1,4,5,0,4,5,p,AM,500 ,0,0,2 ,4 ,2,0,0,0,4;5;,9;,0830;0832;,510.00;512.37;
1,4,6,0,4,6,p,AM,400 ,0,0,12 ,14 ,6,0,0,0,4;5;6;,9;12;,0830;0832;0841;,510.00;512.37;521.82;
1,4,7,1,4,7,p,AM,72 ,0,0,34 ,36 ,20,0,0,0,4;5;9;8;7;,9;13;24;20;,0830;0832;0841;0858;0904;,510.00;512.37;521.82;538.21;544.25;
1,4,7,0,4,7,p,AM,326 ,0,0,34 ,36 ,11,0,0,0,4;5;6;8;7;,9;12;16;20;,0830;0832;0841;0858;0904;,510.00;512.37;521.82;538.19;544.23;
1,4,8,1,4,8,p,AM,128 ,0,0,28 ,30 ,17,0,0,0,4;5;9;8;,9;13;24;,0830;0832;0841;0858;,510.00;512.37;521.82;538.21;
1,4,8,0,4,8,p,AM,572 ,0,0,28 ,30 ,8,0,0,0,4;5;6;8;,9;12;16;,0830;0832;0841;0858;,510.00;512.37;521.82;538.19;
1,4,9,0,4,9,p,AM,700 ,0,0,12 ,14 ,7,0,0,0,4;5;9;,9;13;,0830;0832;0841;,510.00;512.37;521.82;
1,4,10,0,4,10,p,AM,1194 ,0,0,18 ,20 ,10,0,0,0,4;5;9;10;,9;13;25;,0830;0832;0841;0847;,510.00;512.37;521.82;527.49;
1,4,11,0,4,11,p,AM,1397 ,0,0,7 ,9 ,6,0,0,0,4;11;,10;,0830;0837;,510.00;517.19;
1,4,12,0,4,12,p,AM,600 ,0,0,8 ,10 ,8,0,0,0,4;3;12;,8;7;,0830;0834;0838;,510.00;514.33;518.36;
1,4,13,0,4,13,p,AM,600 ,0,0,11 ,13 ,11,0,0,0,4;3;12;13;,8;7;37;,0830;0834;0838;0841;,510.00;514.33;518.36;521.39;
1,4,14,0,4,14,p,AM,495 ,0,0,20 ,22 ,10,0,0,0,4;11;14;,10;34;,0830;0837;0849;,510.00;517.19;529.89;
1,4,15,1,4,15,p,AM,496 ,0,0,30 ,32 ,16,0,0,0,4;5;9;10;15;,9;13;25;28;,0830;0832;0841;0847;0900;,510.00;512.37;521.82;527.49;540.22;
1,4,16,1,4,16,p,AM,20 ,0,0,40 ,42 ,25,0,0,0,4;5;9;8;7;18;16;,9;13;24;20;18;55;,0830;0832;0841;0858;0904;0906;0909;,510.00;512.37;521.82;538.21;544.25;546.32;549.58;
1,4,16,3,4,16,p,AM,72 ,0,0,40 ,42 ,16,0,0,0,4;5;6;8;7;18;16;,9;12;16;20;18;55;,0830;0832;0841;0858;0904;0906;0909;,510.00;512.37;521.82;538.19;544.23;546.29;549.55;
1,4,16,4,4,16,p,AM,124 ,0,0,40 ,42 ,22,0,0,0,4;5;9;8;16;,9;13;24;22;,0830;0832;0841;0858;0909;,510.00;512.37;521.82;538.21;549.54;
1,4,16,0,4,16,p,AM,580 ,0,0,40 ,42 ,13,0,0,0,4;5;6;8;16;,9;12;16;22;,0830;0832;0841;0858;0909;,510.00;512.37;521.82;538.19;549.51;
1,4,17,1,4,17,p,AM,496 ,0,0,34 ,36 ,18,0,0,0,4;5;9;10;17;,9;13;25;30;,0830;0832;0841;0847;0903;,510.00;512.37;521.82;527.49;543.83;
1,4,18,1,4,18,p,AM,18 ,0,0,36 ,38 ,22,0,0,0,4;5;9;8;7;18;,9;13;24;20;18;,0830;0832;0841;0858;0904;0906;,510.00;512.37;521.82;538.21;544.25;546.32;
1,4,18,0,4,18,p,AM,82 ,0,0,36 ,38 ,13,0,0,0,4;5;6;8;7;18;,9;12;16;20;18;,0830;0832;0841;0858;0904;0906;,510.00;512.37;521.82;538.19;544.23;546.29;
1,4,19,1,4,19,p,AM,199 ,0,0,34 ,36 ,19,0,0,0,4;5;9;10;15;19;,9;13;25;28;45;,0830;0832;0841;0847;0900;0904;,510.00;512.37;521.82;527.49;540.22;544.18;
1,4,20,2,4,20,p,AM,53 ,0,0,41 ,43 ,26,0,0,0,4;5;9;8;7;18;20;,9;13;24;20;18;56;,0830;0832;0841;0858;0904;0906;0910;,510.00;512.37;521.82;538.21;544.25;546.32;550.68;
1,4,20,0,4,20,p,AM,245 ,0,0,41 ,43 ,17,0,0,0,4;5;6;8;7;18;20;,9;12;16;20;18;56;,0830;0832;0841;0858;0904;0906;0910;,510.00;512.37;521.82;538.19;544.23;546.29;550.65;
1,4,21,0,4,21,p,AM,200 ,0,0,40 ,42 ,18,0,0,0,4;3;12;13;24;21;,8;7;37;39;75;,0830;0834;0838;0841;0858;0910;,510.00;514.33;518.36;521.39;538.51;550.29;
1,4,22,3,4,22,p,AM,395 ,0,0,39 ,41 ,19,0,0,0,4;5;9;10;15;22;,9;13;25;28;46;,0830;0832;0841;0847;0900;0908;,510.00;512.37;521.82;527.49;540.22;548.95;
1,4,23,0,4,23,p,AM,491 ,0,0,29 ,31 ,14,0,0,0,4;11;14;23;,10;34;42;,0830;0837;0849;0858;,510.00;517.19;529.89;538.60;
1,4,24,0,4,24,p,AM,200 ,0,0,29 ,31 ,15,0,0,0,4;3;12;13;24;,8;7;37;39;,0830;0834;0838;0841;0858;,510.00;514.33;518.36;521.39;538.51;
1,5,1,0,5,1,p,AM,200 ,0,0,11 ,13 ,10,0,0,0,5;4;3;1;,11;8;5;,0830;0832;0836;0840;,510.00;512.37;516.70;520.72;
1,5,2,0,5,2,p,AM,100 ,0,0,16 ,18 ,9,0,0,0,5;6;2;,12;14;,0830;0839;0845;,510.00;519.45;525.63;
1,5,3,0,5,3,p,AM,100 ,0,0,7 ,9 ,6,0,0,0,5;4;3;,11;8;,0830;0832;0836;,510.00;512.37;516.70;
1,5,4,0,5,4,p,AM,500 ,0,0,2 ,4 ,2,0,0,0,5;4;,11;,0830;0832;,510.00;512.37;
1,5,6,0,5,6,p,AM,200 ,0,0,9 ,11 ,4,0,0,0,5;6;,12;,0830;0839;,510.00;519.45;
1,5,7,1,5,7,p,AM,36 ,0,0,32 ,34 ,18,0,0,0,5;9;8;7;,13;24;20;,0830;0839;0855;0901;,510.00;519.46;535.84;541.89;
1,5,7,0,5,7,p,AM,163 ,0,0,32 ,34 ,9,0,0,0,5;6;8;7;,12;16;20;,0830;0839;0855;0901;,510.00;519.45;535.82;541.86;
1,5,8,1,5,8,p,AM,91 ,0,0,26 ,28 ,15,0,0,0,5;9;8;,13;24;,0830;0839;0855;,510.00;519.46;535.84;
1,5,8,0,5,8,p,AM,409 ,0,0,26 ,28 ,6,0,0,0,5;6;8;,12;16;,0830;0839;0855;,510.00;519.45;535.82;
1,5,9,0,5,9,p,AM,800 ,0,0,10 ,12 ,5,0,0,0,5;9;,13;,0830;0839;,510.00;519.46;
1,5,10,0,5,10,p,AM,998 ,0,0,15 ,17 ,8,0,0,0,5;9;10;,13;25;,0830;0839;0845;,510.00;519.46;525.12;
1,5,11,0,5,11,p,AM,499 ,0,0,10 ,12 ,8,0,0,0,5;4;11;,11;10;,0830;0832;0839;,510.00;512.37;519.56;
1,5,12,0,5,12,p,AM,200 ,0,0,11 ,13 ,10,0,0,0,5;4;3;12;,11;8;7;,0830;0832;0836;0840;,510.00;512.37;516.70;520.73;
1,5,13,0,5,13,p,AM,200 ,0,0,14 ,16 ,13,0,0,0,5;4;3;12;13;,11;8;7;37;,0830;0832;0836;0840;0843;,510.00;512.37;516.70;520.73;523.76;
1,5,14,0,5,14,p,AM,99 ,0,0,22 ,24 ,12,0,0,0,5;4;11;14;,11;10;34;,0830;0832;0839;0852;,510.00;512.37;519.56;532.26;
1,5,15,0,5,15,p,AM,200 ,0,0,28 ,30 ,14,0,0,0,5;9;10;15;,13;25;28;,0830;0839;0845;0857;,510.00;519.46;525.12;537.85;
1,5,16,1,5,16,p,AM,13 ,0,0,37 ,39 ,23,0,0,0,5;9;8;7;18;16;,13;24;20;18;55;,0830;0839;0855;0901;0903;0907;,510.00;519.46;535.84;541.89;543.95;547.21;
1,5,16,3,5,16,p,AM,45 ,0,0,37 ,39 ,14,0,0,0,5;6;8;7;18;16;,12;16;20;18;55;,0830;0839;0855;0901;0903;0907;,510.00;519.45;535.82;541.86;543.93;547.19;
1,5,16,4,5,16,p,AM,78 ,0,0,37 ,39 ,20,0,0,0,5;9;8;16;,13;24;22;,0830;0839;0855;0907;,510.00;519.46;535.84;547.17;
1,5,16,0,5,16,p,AM,363 ,0,0,37 ,39 ,11,0,0,0,5;6;8;16;,12;16;22;,0830;0839;0855;0907;,510.00;519.45;535.82;547.15;
1,5,17,1,5,17,p,AM,199 ,0,0,32 ,34 ,16,0,0,0,5;9;10;17;,13;25;30;,0830;0839;0845;0901;,510.00;519.46;525.12;541.46;
1,5,19,1,5,19,p,AM,100 ,0,0,32 ,34 ,17,0,0,0,5;9;10;15;19;,13;25;28;45;,0830;0839;0845;0857;0901;,510.00;519.46;525.12;537.85;541.81;
1,5,20,2,5,20,p,AM,18 ,0,0,38 ,40 ,24,0,0,0,5;9;8;7;18;20;,13;24;20;18;56;,0830;0839;0855;0901;0903;0908;,510.00;519.46;535.84;541.89;543.95;548.31;
1,5,20,0,5,20,p,AM,82 ,0,0,38 ,40 ,15,0,0,0,5;6;8;7;18;20;,12;16;20;18;56;,0830;0839;0855;0901;0903;0908;,510.00;519.45;535.82;541.86;543.93;548.29;
1,5,21,0,5,21,p,AM,92 ,0,0,41 ,43 ,19,0,0,0,5;9;10;15;22;21;,13;25;28;46;69;,0830;0839;0845;0857;0906;0910;,510.00;519.46;525.12;537.85;546.58;550.53;
1,5,22,0,5,22,p,AM,199 ,0,0,37 ,39 ,17,0,0,0,5;9;10;15;22;,13;25;28;46;,0830;0839;0845;0857;0906;,510.00;519.46;525.12;537.85;546.58;
1,5,23,0,5,23,p,AM,98 ,0,0,31 ,33 ,16,0,0,0,5;4;11;14;23;,11;10;34;42;,0830;0832;0839;0852;0900;,510.00;512.37;519.56;532.26;540.97;
1,6,1,0,6,1,p,AM,300 ,0,0,12 ,14 ,11,0,0,0,6;2;1;,14;3;,0830;0836;0842;,510.00;516.18;522.18;
1,6,2,0,6,2,p,AM,400 ,0,0,6 ,8 ,5,0,0,0,6;2;,14;,0830;0836;,510.00;516.18;
1,6,3,1,6,3,p,AM,86 ,0,0,16 ,18 ,15,0,0,0,6;2;1;3;,14;3;2;,0830;0836;0842;0846;,510.00;516.18;522.18;526.19;
1,6,3,0,6,3,p,AM,214 ,0,0,16 ,18 ,10,0,0,0,6;5;4;3;,15;11;8;,0830;0839;0841;0846;,510.00;519.50;521.87;526.20;
1,6,4,0,6,4,p,AM,400 ,0,0,12 ,14 ,6,0,0,0,6;5;4;,15;11;,0830;0839;0841;,510.00;519.50;521.87;
1,6,5,0,6,5,p,AM,200 ,0,0,10 ,12 ,4,0,0,0,6;5;,15;,0830;0839;,510.00;519.50;
1,6,7,0,6,7,p,AM,398 ,0,0,22 ,24 ,5,0,0,0,6;8;7;,16;20;,0830;0846;0852;,510.00;526.37;532.41;
1,6,8,0,6,8,p,AM,798 ,0,0,16 ,18 ,2,0,0,0,6;8;,16;,0830;0846;,510.00;526.37;
1,6,9,0,6,9,p,AM,400 ,0,0,19 ,21 ,9,0,0,0,6;5;9;,15;13;,0830;0839;0848;,510.00;519.50;528.96;
1,6,10,1,6,10,p,AM,796 ,0,0,25 ,27 ,12,0,0,0,6;5;9;10;,15;13;25;,0830;0839;0848;0854;,510.00;519.50;528.96;534.62;
1,6,11,0,6,11,p,AM,399 ,0,0,19 ,21 ,12,0,0,0,6;5;4;11;,15;11;10;,0830;0839;0841;0849;,510.00;519.50;521.87;529.06;
1,6,12,1,6,12,p,AM,58 ,0,0,20 ,22 ,19,0,0,0,6;2;1;3;12;,14;3;2;7;,0830;0836;0842;0846;0850;,510.00;516.18;522.18;526.19;530.22;
1,6,12,0,6,12,p,AM,143 ,0,0,20 ,22 ,14,0,0,0,6;5;4;3;12;,15;11;8;7;,0830;0839;0841;0846;0850;,510.00;519.50;521.87;526.20;530.23;
1,6,13,1,6,13,p,AM,58 ,0,0,23 ,25 ,22,0,0,0,6;2;1;3;12;13;,14;3;2;7;37;,0830;0836;0842;0846;0850;0853;,510.00;516.18;522.18;526.19;530.22;533.25;
1,6,13,0,6,13,p,AM,143 ,0,0,23 ,25 ,17,0,0,0,6;5;4;3;12;13;,15;11;8;7;37;,0830;0839;0841;0846;0850;0853;,510.00;519.50;521.87;526.20;530.23;533.25;
1,6,14,0,6,14,p,AM,99 ,0,0,32 ,34 ,16,0,0,0,6;5;4;11;14;,15;11;10;34;,0830;0839;0841;0849;0901;,510.00;519.50;521.87;529.06;541.76;
1,6,15,1,6,15,p,AM,199 ,0,0,37 ,39 ,18,0,0,0,6;5;9;10;15;,15;13;25;28;,0830;0839;0848;0854;0907;,510.00;519.50;528.96;534.62;547.35;
1,6,16,3,6,16,p,AM,101 ,0,0,28 ,30 ,10,0,0,0,6;8;7;18;16;,16;20;18;55;,0830;0846;0852;0854;0857;,510.00;526.37;532.41;534.48;537.74;
1,6,16,0,6,16,p,AM,794 ,0,0,28 ,30 ,7,0,0,0,6;8;16;,16;22;,0830;0846;0857;,510.00;526.37;537.70;
1,6,17,2,6,17,p,AM,56 ,0,0,36 ,38 ,12,0,0,0,6;8;7;18;16;17;,16;20;18;55;49;,0830;0846;0852;0854;0857;0905;,510.00;526.37;532.41;534.48;537.74;545.66;
1,6,17,0,6,17,p,AM,440 ,0,0,36 ,38 ,9,0,0,0,6;8;16;17;,16;22;49;,0830;0846;0857;0905;,510.00;526.37;537.70;545.61;
1,6,18,0,6,18,p,AM,99 ,0,0,25 ,27 ,7,0,0,0,6;8;7;18;,16;20;18;,0830;0846;0852;0854;,510.00;526.37;532.41;534.48;
1,6,19,2,6,19,p,AM,198 ,0,0,37 ,39 ,15,0,0,0,6;8;7;18;20;19;,16;20;18;56;61;,0830;0846;0852;0854;0858;0906;,510.00;526.37;532.41;534.48;538.84;546.75;
1,6,20,0,6,20,p,AM,298 ,0,0,29 ,31 ,11,0,0,0,6;8;7;18;20;,16;20;18;56;,0830;0846;0852;0854;0858;,510.00;526.37;532.41;534.48;538.84;
1,6,21,0,6,21,p,AM,99 ,0,0,38 ,40 ,17,0,0,0,6;8;7;18;20;21;,16;20;18;56;62;,0830;0846;0852;0854;0858;0907;,510.00;526.37;532.41;534.48;538.84;547.53;
1,6,22,0,6,22,p,AM,198 ,0,0,37 ,39 ,16,0,0,0,6;8;7;18;20;22;,16;20;18;56;63;,0830;0846;0852;0854;0858;0906;,510.00;526.37;532.41;534.48;538.84;546.61;
1,6,23,0,6,23,p,AM,98 ,0,0,41 ,43 ,20,0,0,0,6;5;4;11;14;23;,15;11;10;34;42;,0830;0839;0841;0849;0901;0910;,510.00;519.50;521.87;529.06;541.76;550.47;
1,6,24,1,6,24,p,AM,29 ,0,0,40 ,42 ,26,0,0,0,6;2;1;3;12;13;24;,14;3;2;7;37;39;,0830;0836;0842;0846;0850;0853;0910;,510.00;516.18;522.18;526.19;530.22;533.25;550.37;
1,6,24,2,6,24,p,AM,71 ,0,0,40 ,42 ,21,0,0,0,6;5;4;3;12;13;24;,15;11;8;7;37;39;,0830;0839;0841;0846;0850;0853;0910;,510.00;519.50;521.87;526.20;530.23;533.25;550.38;
1,7,1,0,7,1,p,AM,499 ,0,0,35 ,37 ,16,0,0,0,7;8;6;2;1;,17;19;14;3;,0830;0836;0852;0858;0904;,510.00;516.14;532.75;538.93;544.93;
1,7,2,0,7,2,p,AM,200 ,0,0,29 ,31 ,10,0,0,0,7;8;6;2;,17;19;14;,0830;0836;0852;0858;,510.00;516.14;532.75;538.93;
1,7,3,1,7,3,p,AM,13 ,0,0,39 ,41 ,24,0,0,0,7;8;9;5;4;3;,17;21;23;11;8;,0830;0836;0852;0902;0904;0908;,510.00;516.14;532.82;542.29;544.66;549.00;
1,7,3,2,7,3,p,AM,22 ,0,0,39 ,41 ,20,0,0,0,7;8;6;2;1;3;,17;19;14;3;2;,0830;0836;0852;0858;0904;0908;,510.00;516.14;532.75;538.93;544.93;548.94;
1,7,3,0,7,3,p,AM,65 ,0,0,39 ,41 ,15,0,0,0,7;8;6;5;4;3;,17;19;15;11;8;,0830;0836;0852;0902;0904;0908;,510.00;516.14;532.75;542.25;544.62;548.95;
1,7,4,1,7,4,p,AM,55 ,0,0,35 ,37 ,20,0,0,0,7;8;9;5;4;,17;21;23;11;,0830;0836;0852;0902;0904;,510.00;516.14;532.82;542.29;544.66;
1,7,4,0,7,4,p,AM,345 ,0,0,35 ,37 ,11,0,0,0,7;8;6;5;4;,17;19;15;11;,0830;0836;0852;0902;0904;,510.00;516.14;532.75;542.25;544.62;
1,7,5,1,7,5,p,AM,28 ,0,0,32 ,34 ,18,0,0,0,7;8;9;5;,17;21;23;,0830;0836;0852;0902;,510.00;516.14;532.82;542.29;
1,7,5,0,7,5,p,AM,173 ,0,0,32 ,34 ,9,0,0,0,7;8;6;5;,17;19;15;,0830;0836;0852;0902;,510.00;516.14;532.75;542.25;
1,7,6,0,7,6,p,AM,399 ,0,0,23 ,25 ,5,0,0,0,7;8;6;,17;19;,0830;0836;0852;,510.00;516.14;532.75;
1,7,8,0,7,8,p,AM,1000 ,0,0,6 ,8 ,3,0,0,0,7;8;,17;,0830;0836;,510.00;516.14;
1,7,9,1,7,9,p,AM,597 ,0,0,23 ,25 ,13,0,0,0,7;8;9;,17;21;,0830;0836;0852;,510.00;516.14;532.82;
1,7,10,1,7,10,p,AM,404 ,0,0,29 ,31 ,16,0,0,0,7;8;9;10;,17;21;25;,0830;0836;0852;0858;,510.00;516.14;532.82;538.48;
1,7,10,0,7,10,p,AM,1487 ,0,0,29 ,31 ,9,0,0,0,7;18;16;10;,18;55;48;,0830;0832;0835;0858;,510.00;512.07;515.33;538.46;
1,7,11,4,7,11,p,AM,105 ,0,0,41 ,43 ,21,0,0,0,7;8;9;10;11;,17;21;25;27;,0830;0836;0852;0858;0910;,510.00;516.14;532.82;538.48;550.77;
1,7,11,0,7,11,p,AM,391 ,0,0,41 ,43 ,14,0,0,0,7;18;16;10;11;,18;55;48;27;,0830;0832;0835;0858;0910;,510.00;512.07;515.33;538.46;550.74;
1,7,12,1,7,12,p,AM,89 ,0,0,43 ,45 ,28,0,0,0,7;8;9;5;4;3;12;,17;21;23;11;8;7;,0830;0836;0852;0902;0904;0908;0913;,510.00;516.14;532.82;542.29;544.66;549.00;553.02;
1,7,12,2,7,12,p,AM,154 ,0,0,43 ,45 ,24,0,0,0,7;8;6;2;1;3;12;,17;19;14;3;2;7;,0830;0836;0852;0858;0904;0908;0912;,510.00;516.14;532.75;538.93;544.93;548.94;552.97;
1,7,12,0,7,12,p,AM,457 ,0,0,43 ,45 ,19,0,0,0,7;8;6;5;4;3;12;,17;19;15;11;8;7;,0830;0836;0852;0902;0904;0908;0912;,510.00;516.14;532.75;542.25;544.62;548.95;552.98;
1,7,13,0,7,13,p,AM,394 ,0,0,44 ,46 ,19,0,0,0,7;18;20;21;24;13;,18;56;62;66;74;,0830;0832;0836;0845;0857;0914;,510.00;512.07;516.43;525.12;537.03;554.02;
1,7,14,3,7,14,p,AM,198 ,0,0,31 ,33 ,18,0,0,0,7;18;20;19;15;14;,18;56;61;57;44;,0830;0832;0836;0844;0848;0900;,510.00;512.07;516.43;524.33;528.28;540.54;
1,7,15,1,7,15,p,AM,496 ,0,0,18 ,20 ,13,0,0,0,7;18;20;19;15;,18;56;61;57;,0830;0832;0836;0844;0848;,510.00;512.07;516.43;524.33;528.28;
1,7,16,0,7,16,p,AM,1400 ,0,0,5 ,7 ,5,0,0,0,7;18;16;,18;55;,0830;0832;0835;,510.00;512.07;515.33;
1,7,17,0,7,17,p,AM,998 ,0,0,13 ,15 ,7,0,0,0,7;18;16;17;,18;55;49;,0830;0832;0835;0843;,510.00;512.07;515.33;523.24;
1,7,18,0,7,18,p,AM,200 ,0,0,2 ,4 ,2,0,0,0,7;18;,18;,0830;0832;,510.00;512.07;
1,7,19,1,7,19,p,AM,397 ,0,0,14 ,16 ,10,0,0,0,7;18;20;19;,18;56;61;,0830;0832;0836;0844;,510.00;512.07;516.43;524.33;
1,7,20,0,7,20,p,AM,500 ,0,0,6 ,8 ,6,0,0,0,7;18;20;,18;56;,0830;0832;0836;,510.00;512.07;516.43;
1,7,21,0,7,21,p,AM,200 ,0,0,15 ,17 ,12,0,0,0,7;18;20;21;,18;56;62;,0830;0832;0836;0845;,510.00;512.07;516.43;525.12;
1,7,22,0,7,22,p,AM,499 ,0,0,14 ,16 ,11,0,0,0,7;18;20;22;,18;56;63;,0830;0832;0836;0844;,510.00;512.07;516.43;524.20;
1,7,23,0,7,23,p,AM,199 ,0,0,27 ,29 ,15,0,0,0,7;18;20;22;23;,18;56;63;70;,0830;0832;0836;0844;0856;,510.00;512.07;516.43;524.20;536.46;
1,7,24,0,7,24,p,AM,100 ,0,0,27 ,29 ,15,0,0,0,7;18;20;21;24;,18;56;62;66;,0830;0832;0836;0845;0857;,510.00;512.07;516.43;525.12;537.03;
1,8,1,0,8,1,p,AM,798 ,0,0,29 ,31 ,13,0,0,0,8;6;2;1;,19;14;3;,0830;0846;0852;0858;,510.00;526.61;532.79;538.79;
1,8,2,0,8,2,p,AM,399 ,0,0,23 ,25 ,7,0,0,0,8;6;2;,19;14;,0830;0846;0852;,510.00;526.61;532.79;
1,8,3,1,8,3,p,AM,26 ,0,0,33 ,35 ,21,0,0,0,8;9;5;4;3;,21;23;11;8;,0830;0846;0856;0858;0902;,510.00;526.68;536.15;538.52;542.86;
1,8,3,2,8,3,p,AM,44 ,0,0,33 ,35 ,17,0,0,0,8;6;2;1;3;,19;14;3;2;,0830;0846;0852;0858;0902;,510.00;526.61;532.79;538.79;542.81;
1,8,3,0,8,3,p,AM,131 ,0,0,33 ,35 ,12,0,0,0,8;6;5;4;3;,19;15;11;8;,0830;0846;0856;0858;0902;,510.00;526.61;536.11;538.48;542.82;
1,8,4,1,8,4,p,AM,96 ,0,0,29 ,31 ,17,0,0,0,8;9;5;4;,21;23;11;,0830;0846;0856;0858;,510.00;526.68;536.15;538.52;
1,8,4,0,8,4,p,AM,604 ,0,0,29 ,31 ,8,0,0,0,8;6;5;4;,19;15;11;,0830;0846;0856;0858;,510.00;526.61;536.11;538.48;
1,8,5,1,8,5,p,AM,69 ,0,0,26 ,28 ,15,0,0,0,8;9;5;,21;23;,0830;0846;0856;,510.00;526.68;536.15;
1,8,5,0,8,5,p,AM,431 ,0,0,26 ,28 ,6,0,0,0,8;6;5;,19;15;,0830;0846;0856;,510.00;526.61;536.11;
1,8,6,0,8,6,p,AM,798 ,0,0,17 ,19 ,2,0,0,0,8;6;,19;,0830;0846;,510.00;526.61;
1,8,7,0,8,7,p,AM,998 ,0,0,6 ,8 ,3,0,0,0,8;7;,20;,0830;0836;,510.00;516.04;
1,8,9,0,8,9,p,AM,798 ,0,0,17 ,19 ,10,0,0,0,8;9;,21;,0830;0846;,510.00;526.68;
1,8,10,1,8,10,p,AM,1592 ,0,0,22 ,24 ,13,0,0,0,8;9;10;,21;25;,0830;0846;0852;,510.00;526.68;532.35;
1,8,11,4,8,11,p,AM,784 ,0,0,35 ,37 ,18,0,0,0,8;9;10;11;,21;25;27;,0830;0846;0852;0904;,510.00;526.68;532.35;544.63;
1,8,12,1,8,12,p,AM,77 ,0,0,37 ,39 ,25,0,0,0,8;9;5;4;3;12;,21;23;11;8;7;,0830;0846;0856;0858;0902;0906;,510.00;526.68;536.15;538.52;542.86;546.88;
1,8,12,2,8,12,p,AM,132 ,0,0,37 ,39 ,21,0,0,0,8;6;2;1;3;12;,19;14;3;2;7;,0830;0846;0852;0858;0902;0906;,510.00;526.61;532.79;538.79;542.81;546.83;
1,8,12,0,8,12,p,AM,392 ,0,0,37 ,39 ,16,0,0,0,8;6;5;4;3;12;,19;15;11;8;7;,0830;0846;0856;0858;0902;0906;,510.00;526.61;536.11;538.48;542.82;546.84;
1,8,13,1,8,13,p,AM,77 ,0,0,40 ,42 ,28,0,0,0,8;9;5;4;3;12;13;,21;23;11;8;7;37;,0830;0846;0856;0858;0902;0906;0909;,510.00;526.68;536.15;538.52;542.86;546.88;549.91;
1,8,13,2,8,13,p,AM,132 ,0,0,40 ,42 ,24,0,0,0,8;6;2;1;3;12;13;,19;14;3;2;7;37;,0830;0846;0852;0858;0902;0906;0909;,510.00;526.61;532.79;538.79;542.81;546.83;549.86;
1,8,13,0,8,13,p,AM,392 ,0,0,40 ,42 ,19,0,0,0,8;6;5;4;3;12;13;,19;15;11;8;7;37;,0830;0846;0856;0858;0902;0906;0909;,510.00;526.61;536.11;538.48;542.82;546.84;549.87;
1,8,14,4,8,14,p,AM,395 ,0,0,37 ,39 ,21,0,0,0,8;7;18;20;19;15;14;,20;18;56;61;57;44;,0830;0836;0838;0842;0850;0854;0906;,510.00;516.04;518.11;522.47;530.38;534.32;546.58;
1,8,15,1,8,15,p,AM,594 ,0,0,24 ,26 ,16,0,0,0,8;7;18;20;19;15;,20;18;56;61;57;,0830;0836;0838;0842;0850;0854;,510.00;516.04;518.11;522.47;530.38;534.32;
1,8,16,1,8,16,p,AM,259 ,0,0,11 ,13 ,8,0,0,0,8;7;18;16;,20;18;55;,0830;0836;0838;0841;,510.00;516.04;518.11;521.37;
1,8,16,0,8,16,p,AM,1942 ,0,0,11 ,13 ,5,0,0,0,8;16;,22;,0830;0841;,510.00;521.33;
1,8,17,2,8,17,p,AM,161 ,0,0,19 ,21 ,10,0,0,0,8;7;18;16;17;,20;18;55;49;,0830;0836;0838;0841;0849;,510.00;516.04;518.11;521.37;529.28;
1,8,17,0,8,17,p,AM,1236 ,0,0,19 ,21 ,7,0,0,0,8;16;17;,22;49;,0830;0841;0849;,510.00;521.33;529.24;
1,8,18,0,8,18,p,AM,299 ,0,0,8 ,10 ,5,0,0,0,8;7;18;,20;18;,0830;0836;0838;,510.00;516.04;518.11;
1,8,19,1,8,19,p,AM,693 ,0,0,20 ,22 ,13,0,0,0,8;7;18;20;19;,20;18;56;61;,0830;0836;0838;0842;0850;,510.00;516.04;518.11;522.47;530.38;
1,8,20,0,8,20,p,AM,898 ,0,0,13 ,15 ,9,0,0,0,8;7;18;20;,20;18;56;,0830;0836;0838;0842;,510.00;516.04;518.11;522.47;
1,8,21,0,8,21,p,AM,398 ,0,0,21 ,23 ,15,0,0,0,8;7;18;20;21;,20;18;56;62;,0830;0836;0838;0842;0851;,510.00;516.04;518.11;522.47;531.16;
1,8,22,0,8,22,p,AM,496 ,0,0,20 ,22 ,14,0,0,0,8;7;18;20;22;,20;18;56;63;,0830;0836;0838;0842;0850;,510.00;516.04;518.11;522.47;530.24;
1,8,23,0,8,23,p,AM,296 ,0,0,33 ,35 ,18,0,0,0,8;7;18;20;22;23;,20;18;56;63;70;,0830;0836;0838;0842;0850;0902;,510.00;516.04;518.11;522.47;530.24;542.51;
1,8,24,0,8,24,p,AM,199 ,0,0,33 ,35 ,18,0,0,0,8;7;18;20;21;24;,20;18;56;62;66;,0830;0836;0838;0842;0851;0903;,510.00;516.04;518.11;522.47;531.16;543.07;
1,9,1,0,9,1,p,AM,499 ,0,0,20 ,22 ,15,0,0,0,9;5;4;3;1;,23;11;8;5;,0830;0839;0841;0846;0850;,510.00;519.47;521.84;526.18;530.19;
1,9,2,0,9,2,p,AM,200 ,0,0,25 ,27 ,14,0,0,0,9;5;6;2;,23;12;14;,0830;0839;0848;0855;,510.00;519.47;528.92;535.10;
1,9,3,0,9,3,p,AM,100 ,0,0,16 ,18 ,11,0,0,0,9;5;4;3;,23;11;8;,0830;0839;0841;0846;,510.00;519.47;521.84;526.18;
1,9,4,0,9,4,p,AM,698 ,0,0,12 ,14 ,7,0,0,0,9;5;4;,23;11;,0830;0839;0841;,510.00;519.47;521.84;
1,9,5,0,9,5,p,AM,798 ,0,0,10 ,12 ,5,0,0,0,9;5;,23;,0830;0839;,510.00;519.47;
1,9,6,0,9,6,p,AM,399 ,0,0,19 ,21 ,9,0,0,0,9;5;6;,23;12;,0830;0839;0848;,510.00;519.47;528.92;
1,9,7,1,9,7,p,AM,594 ,0,0,22 ,24 ,13,0,0,0,9;8;7;,24;20;,0830;0846;0852;,510.00;526.39;532.43;
1,9,8,0,9,8,p,AM,798 ,0,0,16 ,18 ,10,0,0,0,9;8;,24;,0830;0846;,510.00;526.39;
1,9,10,0,9,10,p,AM,2800 ,0,0,6 ,8 ,3,0,0,0,9;10;,25;,0830;0835;,510.00;515.66;
1,9,11,0,9,11,p,AM,1393 ,0,0,18 ,20 ,8,0,0,0,9;10;11;,25;27;,0830;0835;0847;,510.00;515.66;527.95;
1,9,12,1,9,12,p,AM,597 ,0,0,20 ,22 ,15,0,0,0,9;5;4;3;12;,23;11;8;7;,0830;0839;0841;0846;0850;,510.00;519.47;521.84;526.18;530.20;
1,9,13,1,9,13,p,AM,597 ,0,0,23 ,25 ,18,0,0,0,9;5;4;3;12;13;,23;11;8;7;37;,0830;0839;0841;0846;0850;0853;,510.00;519.47;521.84;526.18;530.20;533.23;
1,9,14,0,9,14,p,AM,246 ,0,0,31 ,33 ,12,0,0,0,9;10;11;14;,25;27;34;,0830;0835;0847;0900;,510.00;515.66;527.95;540.65;
1,9,14,1,9,14,p,AM,354 ,0,0,31 ,33 ,14,0,0,0,9;10;15;14;,25;28;44;,0830;0835;0848;0900;,510.00;515.66;528.40;540.65;
1,9,15,0,9,15,p,AM,898 ,0,0,18 ,20 ,9,0,0,0,9;10;15;,25;28;,0830;0835;0848;,510.00;515.66;528.40;
1,9,16,0,9,16,p,AM,11 ,0,0,28 ,30 ,7,0,0,0,9;10;16;,25;29;,0830;0835;0858;,510.00;515.66;538.42;
1,9,16,1,9,16,p,AM,161 ,0,0,28 ,30 ,18,0,0,0,9;8;7;18;16;,24;20;18;55;,0830;0846;0852;0854;0857;,510.00;526.39;532.43;534.50;537.76;
1,9,16,3,9,16,p,AM,1225 ,0,0,28 ,30 ,15,0,0,0,9;8;16;,24;22;,0830;0846;0857;,510.00;526.39;537.72;
1,9,17,1,9,17,p,AM,898 ,0,0,22 ,24 ,11,0,0,0,9;10;17;,25;30;,0830;0835;0852;,510.00;515.66;532.00;
1,9,18,1,9,18,p,AM,198 ,0,0,25 ,27 ,15,0,0,0,9;8;7;18;,24;20;18;,0830;0846;0852;0854;,510.00;526.39;532.43;534.50;
1,9,19,1,9,19,p,AM,398 ,0,0,22 ,24 ,12,0,0,0,9;10;15;19;,25;28;45;,0830;0835;0848;0852;,510.00;515.66;528.40;532.35;
1,9,20,2,9,20,p,AM,593 ,0,0,29 ,31 ,19,0,0,0,9;8;7;18;20;,24;20;18;56;,0830;0846;0852;0854;0858;,510.00;526.39;532.43;534.50;538.86;
1,9,21,0,9,21,p,AM,298 ,0,0,31 ,33 ,14,0,0,0,9;10;15;22;21;,25;28;46;69;,0830;0835;0848;0857;0901;,510.00;515.66;528.40;537.12;541.08;
1,9,22,0,9,22,p,AM,697 ,0,0,27 ,29 ,12,0,0,0,9;10;15;22;,25;28;46;,0830;0835;0848;0857;,510.00;515.66;528.40;537.12;
1,9,23,0,9,23,p,AM,55 ,0,0,39 ,41 ,16,0,0,0,9;10;11;14;23;,25;27;34;42;,0830;0835;0847;0900;0909;,510.00;515.66;527.95;540.65;549.35;
1,9,23,3,9,23,p,AM,155 ,0,0,39 ,41 ,18,0,0,0,9;10;15;14;23;,25;28;44;42;,0830;0835;0848;0900;0909;,510.00;515.66;528.40;540.65;549.36;
1,9,23,2,9,23,p,AM,289 ,0,0,39 ,41 ,16,0,0,0,9;10;15;22;23;,25;28;46;70;,0830;0835;0848;0857;0909;,510.00;515.66;528.40;537.12;549.39;
1,9,24,3,9,24,p,AM,197 ,0,0,40 ,42 ,22,0,0,0,9;5;4;3;12;13;24;,23;11;8;7;37;39;,0830;0839;0841;0846;0850;0853;0910;,510.00;519.47;521.84;526.18;530.20;533.23;550.35;
1,10,1,0,10,1,p,AM,1294 ,0,0,26 ,28 ,18,0,0,0,10;9;5;4;3;1;,26;23;11;8;5;,0830;0835;0845;0847;0851;0855;,510.00;515.68;525.15;527.52;531.86;535.87;
1,10,2,1,10,2,p,AM,597 ,0,0,32 ,34 ,24,0,0,0,10;9;5;4;3;1;2;,26;23;11;8;5;1;,0830;0835;0845;0847;0851;0855;0901;,510.00;515.68;525.15;527.52;531.86;535.87;541.87;
1,10,3,0,10,3,p,AM,299 ,0,0,22 ,24 ,14,0,0,0,10;9;5;4;3;,26;23;11;8;,0830;0835;0845;0847;0851;,510.00;515.68;525.15;527.52;531.86;
1,10,4,0,10,4,p,AM,1194 ,0,0,18 ,20 ,10,0,0,0,10;9;5;4;,26;23;11;,0830;0835;0845;0847;,510.00;515.68;525.15;527.52;
1,10,5,0,10,5,p,AM,998 ,0,0,15 ,17 ,8,0,0,0,10;9;5;,26;23;,0830;0835;0845;,510.00;515.68;525.15;
1,10,6,1,10,6,p,AM,796 ,0,0,25 ,27 ,12,0,0,0,10;9;5;6;,26;23;12;,0830;0835;0845;0854;,510.00;515.68;525.15;534.60;
1,10,7,1,10,7,p,AM,38 ,0,0,28 ,30 ,16,0,0,0,10;9;8;7;,26;24;20;,0830;0835;0852;0858;,510.00;515.68;532.07;538.11;
1,10,7,0,10,7,p,AM,1857 ,0,0,28 ,30 ,9,0,0,0,10;16;18;7;,29;50;54;,0830;0852;0856;0858;,510.00;532.76;536.01;538.08;
1,10,8,1,10,8,p,AM,1588 ,0,0,22 ,24 ,13,0,0,0,10;9;8;,26;24;,0830;0835;0852;,510.00;515.68;532.07;
1,10,9,0,10,9,p,AM,2800 ,0,0,6 ,8 ,3,0,0,0,10;9;,26;,0830;0835;,510.00;515.68;
1,10,11,1,10,11,p,AM,10 ,0,0,25 ,27 ,16,0,0,0,10;9;5;4;11;,26;23;11;10;,0830;0835;0845;0847;0854;,510.00;515.68;525.15;527.52;534.71;
1,10,11,0,10,11,p,AM,3990 ,0,0,12 ,14 ,5,0,0,0,10;11;,27;,0830;0842;,510.00;522.28;
1,10,12,1,10,12,p,AM,480 ,0,0,26 ,28 ,18,0,0,0,10;9;5;4;3;12;,26;23;11;8;7;,0830;0835;0845;0847;0851;0855;,510.00;515.68;525.15;527.52;531.86;535.88;
1,10,12,0,10,12,p,AM,1515 ,0,0,26 ,28 ,11,0,0,0,10;11;12;,27;33;,0830;0842;0855;,510.00;522.28;535.86;
1,10,13,1,10,13,p,AM,456 ,0,0,29 ,31 ,21,0,0,0,10;9;5;4;3;12;13;,26;23;11;8;7;37;,0830;0835;0845;0847;0851;0855;0858;,510.00;515.68;525.15;527.52;531.86;535.88;538.91;
1,10,13,0,10,13,p,AM,1439 ,0,0,29 ,31 ,14,0,0,0,10;11;12;13;,27;33;37;,0830;0842;0855;0858;,510.00;522.28;535.86;538.89;
1,10,14,0,10,14,p,AM,861 ,0,0,25 ,27 ,9,0,0,0,10;11;14;,27;34;,0830;0842;0854;,510.00;522.28;534.98;
1,10,14,1,10,14,p,AM,1239 ,0,0,25 ,27 ,11,0,0,0,10;15;14;,28;44;,0830;0842;0854;,510.00;522.73;534.99;
1,10,15,1,10,15,p,AM,10 ,0,0,37 ,39 ,14,0,0,0,10;11;14;15;,27;34;41;,0830;0842;0854;0907;,510.00;522.28;534.98;547.12;
1,10,15,0,10,15,p,AM,3990 ,0,0,13 ,15 ,6,0,0,0,10;15;,28;,0830;0842;,510.00;522.73;
1,10,16,3,10,16,p,AM,11 ,0,0,33 ,35 ,21,0,0,0,10;9;8;7;18;16;,26;24;20;18;55;,0830;0835;0852;0858;0900;0903;,510.00;515.68;532.07;538.11;540.18;543.44;
1,10,16,1,10,16,p,AM,11 ,0,0,32 ,34 ,20,0,0,0,10;15;19;20;18;16;,28;45;59;60;55;,0830;0842;0846;0854;0858;0902;,510.00;522.73;526.69;534.63;538.99;542.25;
1,10,16,0,10,16,p,AM,4367 ,0,0,23 ,25 ,4,0,0,0,10;16;,29;,0830;0852;,510.00;532.76;
1,10,17,0,10,17,p,AM,10 ,0,0,31 ,33 ,6,0,0,0,10;16;17;,29;49;,0830;0852;0900;,510.00;532.76;540.68;
1,10,17,1,10,17,p,AM,3890 ,0,0,16 ,18 ,8,0,0,0,10;17;,30;,0830;0846;,510.00;526.34;
1,10,18,0,10,18,p,AM,695 ,0,0,26 ,28 ,7,0,0,0,10;16;18;,29;50;,0830;0852;0856;,510.00;532.76;536.01;
1,10,19,1,10,19,p,AM,1791 ,0,0,17 ,19 ,9,0,0,0,10;15;19;,28;45;,0830;0842;0846;,510.00;522.73;526.69;
1,10,20,0,10,20,p,AM,2488 ,0,0,30 ,32 ,11,0,0,0,10;16;18;20;,29;50;56;,0830;0852;0856;0900;,510.00;532.76;536.01;540.38;
1,10,21,0,10,21,p,AM,1194 ,0,0,25 ,27 ,11,0,0,0,10;15;22;21;,28;46;69;,0830;0842;0851;0855;,510.00;522.73;531.46;535.41;
1,10,22,0,10,22,p,AM,2587 ,0,0,22 ,24 ,9,0,0,0,10;15;22;,28;46;,0830;0842;0851;,510.00;522.73;531.46;
1,10,23,0,10,23,p,AM,198 ,0,0,34 ,36 ,13,0,0,0,10;11;14;23;,27;34;42;,0830;0842;0854;0903;,510.00;522.28;534.98;543.69;
1,10,23,3,10,23,p,AM,558 ,0,0,34 ,36 ,15,0,0,0,10;15;14;23;,28;44;42;,0830;0842;0854;0903;,510.00;522.73;534.99;543.69;
1,10,23,2,10,23,p,AM,1040 ,0,0,34 ,36 ,13,0,0,0,10;15;22;23;,28;46;70;,0830;0842;0851;0903;,510.00;522.73;531.46;543.73;
1,10,24,4,10,24,p,AM,26 ,0,0,37 ,39 ,15,0,0,0,10;11;14;23;24;,27;34;42;73;,0830;0842;0854;0903;0907;,510.00;522.28;534.98;543.69;547.36;
1,10,24,5,10,24,p,AM,46 ,0,0,37 ,39 ,17,0,0,0,10;15;14;23;24;,28;44;42;73;,0830;0842;0854;0903;0907;,510.00;522.73;534.99;543.69;547.37;
1,10,24,3,10,24,p,AM,260 ,0,0,37 ,39 ,15,0,0,0,10;15;22;23;24;,28;46;70;73;,0830;0842;0851;0903;0907;,510.00;522.73;531.46;543.73;547.40;
1,10,24,0,10,24,p,AM,464 ,0,0,37 ,39 ,14,0,0,0,10;15;22;21;24;,28;46;69;66;,0830;0842;0851;0855;0907;,510.00;522.73;531.46;535.41;547.32;
1,11,1,0,11,1,p,AM,498 ,0,0,16 ,18 ,14,0,0,0,11;4;3;1;,31;8;5;,0830;0837;0841;0845;,510.00;517.28;521.61;525.63;
1,11,2,1,11,2,p,AM,199 ,0,0,22 ,24 ,20,0,0,0,11;4;3;1;2;,31;8;5;1;,0830;0837;0841;0845;0851;,510.00;517.28;521.61;525.63;531.63;
1,11,3,0,11,3,p,AM,299 ,0,0,12 ,14 ,10,0,0,0,11;4;3;,31;8;,0830;0837;0841;,510.00;517.28;521.61;
1,11,4,0,11,4,p,AM,1496 ,0,0,7 ,9 ,6,0,0,0,11;4;,31;,0830;0837;,510.00;517.28;
1,11,5,0,11,5,p,AM,499 ,0,0,10 ,12 ,8,0,0,0,11;4;5;,31;9;,0830;0837;0839;,510.00;517.28;519.65;
1,11,6,0,11,6,p,AM,399 ,0,0,19 ,21 ,12,0,0,0,11;4;5;6;,31;9;12;,0830;0837;0839;0849;,510.00;517.28;519.65;529.10;
1,11,7,0,11,7,p,AM,489 ,0,0,40 ,42 ,14,0,0,0,11;10;16;18;7;,32;29;50;54;,0830;0842;0904;0908;0910;,510.00;522.06;544.82;548.08;550.14;
1,11,8,3,11,8,p,AM,788 ,0,0,34 ,36 ,18,0,0,0,11;10;9;8;,32;26;24;,0830;0842;0847;0904;,510.00;522.06;527.74;544.13;
1,11,9,0,11,9,p,AM,1397 ,0,0,18 ,20 ,8,0,0,0,11;10;9;,32;26;,0830;0842;0847;,510.00;522.06;527.74;
1,11,10,0,11,10,p,AM,3900 ,0,0,12 ,14 ,5,0,0,0,11;10;,32;,0830;0842;,510.00;522.06;
1,11,12,1,11,12,p,AM,11 ,0,0,16 ,18 ,14,0,0,0,11;4;3;12;,31;8;7;,0830;0837;0841;0845;,510.00;517.28;521.61;525.64;
1,11,12,0,11,12,p,AM,1390 ,0,0,14 ,16 ,6,0,0,0,11;12;,33;,0830;0843;,510.00;523.58;
1,11,13,0,11,13,p,AM,993 ,0,0,17 ,19 ,9,0,0,0,11;12;13;,33;37;,0830;0843;0846;,510.00;523.58;526.60;
1,11,14,0,11,14,p,AM,1588 ,0,0,13 ,15 ,4,0,0,0,11;14;,34;,0830;0842;,510.00;522.70;
1,11,15,0,11,15,p,AM,385 ,0,0,25 ,27 ,9,0,0,0,11;14;15;,34;41;,0830;0842;0854;,510.00;522.70;534.84;
1,11,15,1,11,15,p,AM,1015 ,0,0,25 ,27 ,11,0,0,0,11;10;15;,32;28;,0830;0842;0854;,510.00;522.06;534.80;
1,11,16,0,11,16,p,AM,1390 ,0,0,35 ,37 ,9,0,0,0,11;10;16;,32;29;,0830;0842;0904;,510.00;522.06;544.82;
1,11,17,1,11,17,p,AM,995 ,0,0,28 ,30 ,13,0,0,0,11;10;17;,32;30;,0830;0842;0858;,510.00;522.06;538.40;
1,11,18,0,11,18,p,AM,99 ,0,0,38 ,40 ,12,0,0,0,11;10;16;18;,32;29;50;,0830;0842;0904;0908;,510.00;522.06;544.82;548.08;
1,11,19,0,11,19,p,AM,110 ,0,0,29 ,31 ,12,0,0,0,11;14;15;19;,34;41;45;,0830;0842;0854;0858;,510.00;522.70;534.84;538.79;
1,11,19,1,11,19,p,AM,290 ,0,0,29 ,31 ,14,0,0,0,11;10;15;19;,32;28;45;,0830;0842;0854;0858;,510.00;522.06;534.80;538.75;
1,11,20,0,11,20,p,AM,164 ,0,0,37 ,39 ,16,0,0,0,11;14;15;19;20;,34;41;45;59;,0830;0842;0854;0858;0906;,510.00;522.70;534.84;538.79;546.73;
1,11,20,1,11,20,p,AM,434 ,0,0,37 ,39 ,18,0,0,0,11;10;15;19;20;,32;28;45;59;,0830;0842;0854;0858;0906;,510.00;522.06;534.80;538.75;546.69;
1,11,21,0,11,21,p,AM,395 ,0,0,37 ,39 ,13,0,0,0,11;14;23;24;21;,34;42;73;75;,0830;0842;0851;0855;0906;,510.00;522.70;531.40;535.08;546.86;
1,11,22,0,11,22,p,AM,154 ,0,0,34 ,36 ,12,0,0,0,11;14;15;22;,34;41;46;,0830;0842;0854;0903;,510.00;522.70;534.84;543.56;
1,11,22,3,11,22,p,AM,402 ,0,0,34 ,36 ,12,0,0,0,11;14;23;22;,34;42;72;,0830;0842;0851;0903;,510.00;522.70;531.40;543.58;
1,11,22,2,11,22,p,AM,542 ,0,0,34 ,36 ,14,0,0,0,11;10;15;22;,32;28;46;,0830;0842;0854;0903;,510.00;522.06;534.80;543.52;
1,11,23,1,11,23,p,AM,10 ,0,0,39 ,41 ,23,0,0,0,11;4;3;12;13;24;23;,31;8;7;37;39;76;,0830;0837;0841;0845;0848;0905;0909;,510.00;517.28;521.61;525.64;528.67;545.79;549.43;
1,11,23,0,11,23,p,AM,1290 ,0,0,21 ,23 ,8,0,0,0,11;14;23;,34;42;,0830;0842;0851;,510.00;522.70;531.40;
1,11,24,0,11,24,p,AM,594 ,0,0,25 ,27 ,10,0,0,0,11;14;23;24;,34;42;73;,0830;0842;0851;0855;,510.00;522.70;531.40;535.08;
1,12,1,0,12,1,p,AM,200 ,0,0,8 ,10 ,8,0,0,0,12;3;1;,35;5;,0830;0834;0838;,510.00;514.02;518.03;
1,12,2,0,12,2,p,AM,100 ,0,0,14 ,16 ,14,0,0,0,12;3;1;2;,35;5;1;,0830;0834;0838;0844;,510.00;514.02;518.03;524.04;
1,12,3,0,12,3,p,AM,200 ,0,0,4 ,6 ,4,0,0,0,12;3;,35;,0830;0834;,510.00;514.02;
1,12,4,0,12,4,p,AM,600 ,0,0,8 ,10 ,8,0,0,0,12;3;4;,35;6;,0830;0834;0838;,510.00;514.02;518.36;
1,12,5,0,12,5,p,AM,200 ,0,0,11 ,13 ,10,0,0,0,12;3;4;5;,35;6;9;,0830;0834;0838;0840;,510.00;514.02;518.36;520.72;
1,12,6,1,12,6,p,AM,53 ,0,0,20 ,22 ,19,0,0,0,12;3;1;2;6;,35;5;1;4;,0830;0834;0838;0844;0850;,510.00;514.02;518.03;524.04;530.19;
1,12,6,0,12,6,p,AM,147 ,0,0,20 ,22 ,14,0,0,0,12;3;4;5;6;,35;6;9;12;,0830;0834;0838;0840;0850;,510.00;514.02;518.36;520.72;530.17;
1,12,7,1,12,7,p,AM,119 ,0,0,43 ,45 ,28,0,0,0,12;3;4;5;9;8;7;,35;6;9;13;24;20;,0830;0834;0838;0840;0850;0906;0912;,510.00;514.02;518.36;520.72;530.18;546.57;552.61;
1,12,7,2,12,7,p,AM,124 ,0,0,43 ,45 ,24,0,0,0,12;3;1;2;6;8;7;,35;5;1;4;16;20;,0830;0834;0838;0844;0850;0906;0912;,510.00;514.02;518.03;524.04;530.19;546.56;552.60;
1,12,7,0,12,7,p,AM,453 ,0,0,43 ,45 ,19,0,0,0,12;3;4;5;6;8;7;,35;6;9;12;16;20;,0830;0834;0838;0840;0850;0906;0912;,510.00;514.02;518.36;520.72;530.17;546.54;552.58;
1,12,8,1,12,8,p,AM,104 ,0,0,37 ,39 ,25,0,0,0,12;3;4;5;9;8;,35;6;9;13;24;,0830;0834;0838;0840;0850;0906;,510.00;514.02;518.36;520.72;530.18;546.57;
1,12,8,2,12,8,p,AM,108 ,0,0,37 ,39 ,21,0,0,0,12;3;1;2;6;8;,35;5;1;4;16;,0830;0834;0838;0844;0850;0906;,510.00;514.02;518.03;524.04;530.19;546.56;
1,12,8,0,12,8,p,AM,389 ,0,0,37 ,39 ,16,0,0,0,12;3;4;5;6;8;,35;6;9;12;16;,0830;0834;0838;0840;0850;0906;,510.00;514.02;518.36;520.72;530.17;546.54;
1,12,9,1,12,9,p,AM,597 ,0,0,20 ,22 ,15,0,0,0,12;3;4;5;9;,35;6;9;13;,0830;0834;0838;0840;0850;,510.00;514.02;518.36;520.72;530.18;
1,12,10,1,12,10,p,AM,340 ,0,0,26 ,28 ,18,0,0,0,12;3;4;5;9;10;,35;6;9;13;25;,0830;0834;0838;0840;0850;0855;,510.00;514.02;518.36;520.72;530.18;535.84;
1,12,10,0,12,10,p,AM,1660 ,0,0,26 ,28 ,11,0,0,0,12;11;10;,36;32;,0830;0843;0855;,510.00;523.69;535.75;
1,12,11,1,12,11,p,AM,11 ,0,0,16 ,18 ,14,0,0,0,12;3;4;11;,35;6;10;,0830;0834;0838;0845;,510.00;514.02;518.36;525.55;
1,12,11,0,12,11,p,AM,1390 ,0,0,14 ,16 ,6,0,0,0,12;11;,36;,0830;0843;,510.00;523.69;
1,12,13,0,12,13,p,AM,1300 ,0,0,3 ,5 ,3,0,0,0,12;13;,37;,0830;0833;,510.00;513.03;
1,12,14,0,12,14,p,AM,693 ,0,0,26 ,28 ,10,0,0,0,12;11;14;,36;34;,0830;0843;0856;,510.00;523.69;536.39;
1,12,15,1,12,15,p,AM,86 ,0,0,39 ,41 ,24,0,0,0,12;3;4;5;9;10;15;,35;6;9;13;25;28;,0830;0834;0838;0840;0850;0855;0908;,510.00;514.02;518.36;520.72;530.18;535.84;548.58;
1,12,15,0,12,15,p,AM,180 ,0,0,39 ,41 ,15,0,0,0,12;11;14;15;,36;34;41;,0830;0843;0856;0908;,510.00;523.69;536.39;548.53;
1,12,15,3,12,15,p,AM,432 ,0,0,39 ,41 ,17,0,0,0,12;11;10;15;,36;32;28;,0830;0843;0855;0908;,510.00;523.69;535.75;548.49;
1,12,16,8,12,16,p,AM,11 ,0,0,48 ,50 ,29,0,0,0,12;3;1;2;6;8;7;18;16;,35;5;1;4;16;20;18;55;,0830;0834;0838;0844;0850;0906;0912;0914;0917;,510.00;514.02;518.03;524.04;530.19;546.56;552.60;554.67;557.93;
1,12,16,1,12,16,p,AM,18 ,0,0,48 ,50 ,33,0,0,0,12;3;4;5;9;8;7;18;16;,35;6;9;13;24;20;18;55;,0830;0834;0838;0840;0850;0906;0912;0914;0917;,510.00;514.02;518.36;520.72;530.18;546.57;552.61;554.67;557.93;
1,12,16,4,12,16,p,AM,53 ,0,0,48 ,50 ,24,0,0,0,12;3;4;5;6;8;7;18;16;,35;6;9;12;16;20;18;55;,0830;0834;0838;0840;0850;0906;0912;0914;0917;,510.00;514.02;518.36;520.72;530.17;546.54;552.58;554.65;557.91;
1,12,16,7,12,16,p,AM,100 ,0,0,48 ,50 ,30,0,0,0,12;3;4;5;9;8;16;,35;6;9;13;24;22;,0830;0834;0838;0840;0850;0906;0917;,510.00;514.02;518.36;520.72;530.18;546.57;557.89;
1,12,16,2,12,16,p,AM,110 ,0,0,48 ,50 ,26,0,0,0,12;3;1;2;6;8;16;,35;5;1;4;16;22;,0830;0834;0838;0844;0850;0906;0917;,510.00;514.02;518.03;524.04;530.19;546.56;557.89;
1,12,16,5,12,16,p,AM,397 ,0,0,48 ,50 ,21,0,0,0,12;3;4;5;6;8;16;,35;6;9;12;16;22;,0830;0834;0838;0840;0850;0906;0917;,510.00;514.02;518.36;520.72;530.17;546.54;557.87;
1,12,17,1,12,17,p,AM,102 ,0,0,42 ,44 ,26,0,0,0,12;3;4;5;9;10;17;,35;6;9;13;25;30;,0830;0834;0838;0840;0850;0855;0912;,510.00;514.02;518.36;520.72;530.18;535.84;552.18;
1,12,17,4,12,17,p,AM,494 ,0,0,42 ,44 ,19,0,0,0,12;11;10;17;,36;32;30;,0830;0843;0855;0912;,510.00;523.69;535.75;552.09;
1,12,18,2,12,18,p,AM,32 ,0,0,45 ,47 ,26,0,0,0,12;3;1;2;6;8;7;18;,35;5;1;4;16;20;18;,0830;0834;0838;0844;0850;0906;0912;0914;,510.00;514.02;518.03;524.04;530.19;546.56;552.60;554.67;
1,12,18,1,12,18,p,AM,33 ,0,0,45 ,47 ,30,0,0,0,12;3;4;5;9;8;7;18;,35;6;9;13;24;20;18;,0830;0834;0838;0840;0850;0906;0912;0914;,510.00;514.02;518.36;520.72;530.18;546.57;552.61;554.67;
1,12,18,4,12,18,p,AM,125 ,0,0,45 ,47 ,21,0,0,0,12;3;4;5;6;8;7;18;,35;6;9;12;16;20;18;,0830;0834;0838;0840;0850;0906;0912;0914;,510.00;514.02;518.36;520.72;530.17;546.54;552.58;554.65;
1,12,19,1,12,19,p,AM,37 ,0,0,43 ,45 ,27,0,0,0,12;3;4;5;9;10;15;19;,35;6;9;13;25;28;45;,0830;0834;0838;0840;0850;0855;0908;0912;,510.00;514.02;518.36;520.72;530.18;535.84;548.58;552.53;
1,12,19,0,12,19,p,AM,77 ,0,0,43 ,45 ,18,0,0,0,12;11;14;15;19;,36;34;41;45;,0830;0843;0856;0908;0912;,510.00;523.69;536.39;548.53;552.48;
1,12,19,3,12,19,p,AM,185 ,0,0,42 ,44 ,20,0,0,0,12;11;10;15;19;,36;32;28;45;,0830;0843;0855;0908;0912;,510.00;523.69;535.75;548.49;552.44;
1,12,20,0,12,20,p,AM,396 ,0,0,41 ,43 ,16,0,0,0,12;13;24;21;20;,37;39;75;64;,0830;0833;0850;0901;0910;,510.00;513.03;530.15;541.94;550.59;
1,12,21,0,12,21,p,AM,299 ,0,0,32 ,34 ,10,0,0,0,12;13;24;21;,37;39;75;,0830;0833;0850;0901;,510.00;513.03;530.15;541.94;
1,12,22,1,12,22,p,AM,250 ,0,0,36 ,38 ,13,0,0,0,12;13;24;23;22;,37;39;76;72;,0830;0833;0850;0853;0905;,510.00;513.03;530.15;533.79;545.97;
1,12,22,0,12,22,p,AM,448 ,0,0,36 ,38 ,12,0,0,0,12;13;24;21;22;,37;39;75;65;,0830;0833;0850;0901;0905;,510.00;513.03;530.15;541.94;545.87;
1,12,23,0,12,23,p,AM,698 ,0,0,24 ,26 ,9,0,0,0,12;13;24;23;,37;39;76;,0830;0833;0850;0853;,510.00;513.03;530.15;533.79;
1,12,24,0,12,24,p,AM,500 ,0,0,20 ,22 ,7,0,0,0,12;13;24;,37;39;,0830;0833;0850;,510.00;513.03;530.15;
1,13,1,0,13,1,p,AM,500 ,0,0,11 ,13 ,11,0,0,0,13;12;3;1;,38;35;5;,0830;0833;0837;0841;,510.00;513.03;517.05;521.06;
1,13,2,0,13,2,p,AM,300 ,0,0,17 ,19 ,17,0,0,0,13;12;3;1;2;,38;35;5;1;,0830;0833;0837;0841;0847;,510.00;513.03;517.05;521.06;527.06;
1,13,3,0,13,3,p,AM,100 ,0,0,7 ,9 ,7,0,0,0,13;12;3;,38;35;,0830;0833;0837;,510.00;513.03;517.05;
1,13,4,0,13,4,p,AM,600 ,0,0,11 ,13 ,11,0,0,0,13;12;3;4;,38;35;6;,0830;0833;0837;0841;,510.00;513.03;517.05;521.38;
1,13,5,0,13,5,p,AM,200 ,0,0,14 ,16 ,13,0,0,0,13;12;3;4;5;,38;35;6;9;,0830;0833;0837;0841;0843;,510.00;513.03;517.05;521.38;523.75;
1,13,6,1,13,6,p,AM,53 ,0,0,23 ,25 ,22,0,0,0,13;12;3;1;2;6;,38;35;5;1;4;,0830;0833;0837;0841;0847;0853;,510.00;513.03;517.05;521.06;527.06;533.22;
1,13,6,0,13,6,p,AM,147 ,0,0,23 ,25 ,17,0,0,0,13;12;3;4;5;6;,38;35;6;9;12;,0830;0833;0837;0841;0843;0853;,510.00;513.03;517.05;521.38;523.75;533.20;
1,13,7,0,13,7,p,AM,395 ,0,0,44 ,46 ,19,0,0,0,13;24;21;20;18;7;,39;75;64;60;54;,0830;0847;0858;0907;0911;0914;,510.00;527.12;538.91;547.57;551.93;554.00;
1,13,8,1,13,8,p,AM,104 ,0,0,40 ,42 ,28,0,0,0,13;12;3;4;5;9;8;,38;35;6;9;13;24;,0830;0833;0837;0841;0843;0853;0909;,510.00;513.03;517.05;521.38;523.75;533.21;549.60;
1,13,8,2,13,8,p,AM,108 ,0,0,40 ,42 ,24,0,0,0,13;12;3;1;2;6;8;,38;35;5;1;4;16;,0830;0833;0837;0841;0847;0853;0909;,510.00;513.03;517.05;521.06;527.06;533.22;549.59;
1,13,8,0,13,8,p,AM,389 ,0,0,40 ,42 ,19,0,0,0,13;12;3;4;5;6;8;,38;35;6;9;12;16;,0830;0833;0837;0841;0843;0853;0909;,510.00;513.03;517.05;521.38;523.75;533.20;549.57;
1,13,9,1,13,9,p,AM,597 ,0,0,23 ,25 ,18,0,0,0,13;12;3;4;5;9;,38;35;6;9;13;,0830;0833;0837;0841;0843;0853;,510.00;513.03;517.05;521.38;523.75;533.21;
1,13,10,1,13,10,p,AM,323 ,0,0,29 ,31 ,21,0,0,0,13;12;3;4;5;9;10;,38;35;6;9;13;25;,0830;0833;0837;0841;0843;0853;0858;,510.00;513.03;517.05;521.38;523.75;533.21;538.87;
1,13,10,0,13,10,p,AM,1577 ,0,0,29 ,31 ,14,0,0,0,13;12;11;10;,38;36;32;,0830;0833;0846;0858;,510.00;513.03;526.72;538.78;
1,13,11,0,13,11,p,AM,993 ,0,0,17 ,19 ,9,0,0,0,13;12;11;,38;36;,0830;0833;0846;,510.00;513.03;526.72;
1,13,12,0,13,12,p,AM,1300 ,0,0,3 ,5 ,3,0,0,0,13;12;,38;,0830;0833;,510.00;513.03;
1,13,14,1,13,14,p,AM,128 ,0,0,29 ,31 ,13,0,0,0,13;12;11;14;,38;36;34;,0830;0833;0846;0859;,510.00;513.03;526.72;539.42;
1,13,14,0,13,14,p,AM,473 ,0,0,30 ,32 ,10,0,0,0,13;24;23;14;,39;76;71;,0830;0847;0850;0859;,510.00;527.12;530.77;539.45;
1,13,15,2,13,15,p,AM,19 ,0,0,42 ,44 ,18,0,0,0,13;12;11;14;15;,38;36;34;41;,0830;0833;0846;0859;0911;,510.00;513.03;526.72;539.42;551.56;
1,13,15,5,13,15,p,AM,40 ,0,0,42 ,44 ,15,0,0,0,13;24;23;14;15;,39;76;71;41;,0830;0847;0850;0859;0911;,510.00;527.12;530.77;539.45;551.59;
1,13,15,4,13,15,p,AM,54 ,0,0,42 ,44 ,20,0,0,0,13;12;11;10;15;,38;36;32;28;,0830;0833;0846;0858;0911;,510.00;513.03;526.72;538.78;551.52;
1,13,15,3,13,15,p,AM,179 ,0,0,42 ,44 ,13,0,0,0,13;24;23;22;15;,39;76;72;67;,0830;0847;0850;0902;0911;,510.00;527.12;530.77;542.94;551.62;
1,13,15,0,13,15,p,AM,403 ,0,0,42 ,44 ,12,0,0,0,13;24;21;22;15;,39;75;65;67;,0830;0847;0858;0902;0911;,510.00;527.12;538.91;542.85;551.52;
1,13,16,6,13,16,p,AM,590 ,0,0,45 ,47 ,20,0,0,0,13;24;21;20;18;16;,39;75;64;60;55;,0830;0847;0858;0907;0911;0915;,510.00;527.12;538.91;547.57;551.93;555.19;
1,13,17,1,13,17,p,AM,85 ,0,0,45 ,47 ,29,0,0,0,13;12;3;4;5;9;10;17;,38;35;6;9;13;25;30;,0830;0833;0837;0841;0843;0853;0858;0915;,510.00;513.03;517.05;521.38;523.75;533.21;538.87;555.21;
1,13,17,4,13,17,p,AM,411 ,0,0,45 ,47 ,22,0,0,0,13;12;11;10;17;,38;36;32;30;,0830;0833;0846;0858;0915;,510.00;513.03;526.72;538.78;555.12;
1,13,18,0,13,18,p,AM,99 ,0,0,42 ,44 ,17,0,0,0,13;24;21;20;18;,39;75;64;60;,0830;0847;0858;0907;0911;,510.00;527.12;538.91;547.57;551.93;
1,13,19,5,13,19,p,AM,17 ,0,0,46 ,48 ,18,0,0,0,13;24;23;14;15;19;,39;76;71;41;45;,0830;0847;0850;0859;0911;0915;,510.00;527.12;530.77;539.45;551.59;555.54;
1,13,19,4,13,19,p,AM,23 ,0,0,46 ,48 ,23,0,0,0,13;12;11;10;15;19;,38;36;32;28;45;,0830;0833;0846;0858;0911;0915;,510.00;513.03;526.72;538.78;551.52;555.47;
1,13,19,3,13,19,p,AM,63 ,0,0,46 ,48 ,16,0,0,0,13;24;23;22;15;19;,39;76;72;67;45;,0830;0847;0850;0902;0911;0915;,510.00;527.12;530.77;542.94;551.62;555.57;
1,13,19,6,13,19,p,AM,66 ,0,0,46 ,48 ,17,0,0,0,13;24;21;20;19;,39;75;64;61;,0830;0847;0858;0907;0915;,510.00;527.12;538.91;547.57;555.48;
1,13,19,0,13,19,p,AM,122 ,0,0,46 ,48 ,15,0,0,0,13;24;21;22;15;19;,39;75;65;67;45;,0830;0847;0858;0902;0911;0915;,510.00;527.12;538.91;542.85;551.52;555.47;
1,13,20,0,13,20,p,AM,597 ,0,0,38 ,40 ,13,0,0,0,13;24;21;20;,39;75;64;,0830;0847;0858;0907;,510.00;527.12;538.91;547.57;
1,13,21,0,13,21,p,AM,599 ,0,0,29 ,31 ,7,0,0,0,13;24;21;,39;75;,0830;0847;0858;,510.00;527.12;538.91;
1,13,22,1,13,22,p,AM,465 ,0,0,33 ,35 ,10,0,0,0,13;24;23;22;,39;76;72;,0830;0847;0850;0902;,510.00;527.12;530.77;542.94;
1,13,22,0,13,22,p,AM,835 ,0,0,33 ,35 ,9,0,0,0,13;24;21;22;,39;75;65;,0830;0847;0858;0902;,510.00;527.12;538.91;542.85;
1,13,23,0,13,23,p,AM,798 ,0,0,21 ,23 ,6,0,0,0,13;24;23;,39;76;,0830;0847;0850;,510.00;527.12;530.77;
1,13,24,0,13,24,p,AM,800 ,0,0,17 ,19 ,4,0,0,0,13;24;,39;,0830;0847;,510.00;527.12;
1,14,1,0,14,1,p,AM,296 ,0,0,28 ,30 ,18,0,0,0,14;11;4;3;1;,40;31;8;5;,0830;0842;0850;0854;0858;,510.00;522.80;530.08;534.42;538.43;
1,14,2,3,14,2,p,AM,99 ,0,0,34 ,36 ,24,0,0,0,14;11;4;3;1;2;,40;31;8;5;1;,0830;0842;0850;0854;0858;0904;,510.00;522.80;530.08;534.42;538.43;544.43;
1,14,3,0,14,3,p,AM,99 ,0,0,24 ,26 ,14,0,0,0,14;11;4;3;,40;31;8;,0830;0842;0850;0854;,510.00;522.80;530.08;534.42;
1,14,4,0,14,4,p,AM,496 ,0,0,20 ,22 ,10,0,0,0,14;11;4;,40;31;,0830;0842;0850;,510.00;522.80;530.08;
1,14,5,0,14,5,p,AM,99 ,0,0,22 ,24 ,12,0,0,0,14;11;4;5;,40;31;9;,0830;0842;0850;0852;,510.00;522.80;530.08;532.45;
1,14,6,0,14,6,p,AM,99 ,0,0,32 ,34 ,16,0,0,0,14;11;4;5;6;,40;31;9;12;,0830;0842;0850;0852;0901;,510.00;522.80;530.08;532.45;541.90;
1,14,7,4,14,7,p,AM,198 ,0,0,31 ,33 ,18,0,0,0,14;15;19;20;18;7;,41;45;59;60;54;,0830;0842;0846;0854;0858;0900;,510.00;522.14;526.09;534.03;538.40;540.46;
1,14,8,4,14,8,p,AM,395 ,0,0,37 ,39 ,21,0,0,0,14;15;19;20;18;7;8;,41;45;59;60;54;17;,0830;0842;0846;0854;0858;0900;0906;,510.00;522.14;526.09;534.03;538.40;540.46;546.60;
1,14,9,0,14,9,p,AM,222 ,0,0,31 ,33 ,12,0,0,0,14;11;10;9;,40;32;26;,0830;0842;0854;0900;,510.00;522.80;534.86;540.54;
1,14,9,1,14,9,p,AM,377 ,0,0,31 ,33 ,14,0,0,0,14;15;10;9;,41;43;26;,0830;0842;0854;0900;,510.00;522.14;534.87;540.55;
1,14,10,0,14,10,p,AM,777 ,0,0,25 ,27 ,9,0,0,0,14;11;10;,40;32;,0830;0842;0854;,510.00;522.80;534.86;
1,14,10,1,14,10,p,AM,1318 ,0,0,25 ,27 ,11,0,0,0,14;15;10;,41;43;,0830;0842;0854;,510.00;522.14;534.87;
1,14,11,0,14,11,p,AM,1592 ,0,0,13 ,15 ,4,0,0,0,14;11;,40;,0830;0842;,510.00;522.80;
1,14,12,0,14,12,p,AM,693 ,0,0,26 ,28 ,10,0,0,0,14;11;12;,40;33;,0830;0842;0856;,510.00;522.80;536.38;
1,14,13,1,14,13,p,AM,278 ,0,0,29 ,31 ,13,0,0,0,14;11;12;13;,40;33;37;,0830;0842;0856;0859;,510.00;522.80;536.38;539.40;
1,14,13,0,14,13,p,AM,321 ,0,0,29 ,31 ,10,0,0,0,14;23;24;13;,42;73;74;,0830;0838;0842;0859;,510.00;518.70;522.38;539.36;
1,14,15,0,14,15,p,AM,1297 ,0,0,12 ,14 ,5,0,0,0,14;15;,41;,0830;0842;,510.00;522.14;
1,14,16,4,14,16,p,AM,68 ,0,0,32 ,34 ,19,0,0,0,14;15;19;20;18;16;,41;45;59;60;55;,0830;0842;0846;0854;0858;0901;,510.00;522.14;526.09;534.03;538.40;541.66;
1,14,16,0,14,16,p,AM,625 ,0,0,32 ,34 ,12,0,0,0,14;15;19;17;16;,41;45;58;52;,0830;0842;0846;0853;0901;,510.00;522.14;526.09;533.73;541.65;
1,14,17,0,14,17,p,AM,697 ,0,0,24 ,26 ,10,0,0,0,14;15;19;17;,41;45;58;,0830;0842;0846;0853;,510.00;522.14;526.09;533.73;
1,14,18,4,14,18,p,AM,99 ,0,0,28 ,30 ,16,0,0,0,14;15;19;20;18;,41;45;59;60;,0830;0842;0846;0854;0858;,510.00;522.14;526.09;534.03;538.40;
1,14,19,0,14,19,p,AM,299 ,0,0,16 ,18 ,8,0,0,0,14;15;19;,41;45;,0830;0842;0846;,510.00;522.14;526.09;
1,14,20,0,14,20,p,AM,495 ,0,0,24 ,26 ,12,0,0,0,14;15;19;20;,41;45;59;,0830;0842;0846;0854;,510.00;522.14;526.09;534.03;
1,14,21,0,14,21,p,AM,398 ,0,0,24 ,26 ,9,0,0,0,14;23;24;21;,42;73;75;,0830;0838;0842;0854;,510.00;518.70;522.38;534.16;
1,14,22,0,14,22,p,AM,450 ,0,0,21 ,23 ,8,0,0,0,14;15;22;,41;46;,0830;0842;0850;,510.00;522.14;530.86;
1,14,22,1,14,22,p,AM,750 ,0,0,21 ,23 ,8,0,0,0,14;23;22;,42;72;,0830;0838;0850;,510.00;518.70;530.88;
1,14,23,0,14,23,p,AM,1100 ,0,0,9 ,11 ,4,0,0,0,14;23;,42;,0830;0838;,510.00;518.70;
1,14,24,0,14,24,p,AM,399 ,0,0,12 ,14 ,6,0,0,0,14;23;24;,42;73;,0830;0838;0842;,510.00;518.70;522.38;
1,15,1,1,15,1,p,AM,495 ,0,0,39 ,41 ,24,0,0,0,15;10;9;5;4;3;1;,43;26;23;11;8;5;,0830;0842;0848;0857;0900;0904;0908;,510.00;522.73;528.41;537.88;540.25;544.59;548.60;
1,15,2,1,15,2,p,AM,99 ,0,0,45 ,47 ,30,0,0,0,15;10;9;5;4;3;1;2;,43;26;23;11;8;5;1;,0830;0842;0848;0857;0900;0904;0908;0914;,510.00;522.73;528.41;537.88;540.25;544.59;548.60;554.60;
1,15,3,1,15,3,p,AM,99 ,0,0,35 ,37 ,20,0,0,0,15;10;9;5;4;3;,43;26;23;11;8;,0830;0842;0848;0857;0900;0904;,510.00;522.73;528.41;537.88;540.25;544.59;
1,15,4,1,15,4,p,AM,496 ,0,0,30 ,32 ,16,0,0,0,15;10;9;5;4;,43;26;23;11;,0830;0842;0848;0857;0900;,510.00;522.73;528.41;537.88;540.25;
1,15,5,0,15,5,p,AM,200 ,0,0,28 ,30 ,14,0,0,0,15;10;9;5;,43;26;23;,0830;0842;0848;0857;,510.00;522.73;528.41;537.88;
1,15,6,1,15,6,p,AM,199 ,0,0,37 ,39 ,18,0,0,0,15;10;9;5;6;,43;26;23;12;,0830;0842;0848;0857;0907;,510.00;522.73;528.41;537.88;547.33;
1,15,7,1,15,7,p,AM,496 ,0,0,18 ,20 ,13,0,0,0,15;19;20;18;7;,45;59;60;54;,0830;0833;0841;0846;0848;,510.00;513.95;521.89;526.26;528.33;
1,15,8,1,15,8,p,AM,594 ,0,0,25 ,27 ,16,0,0,0,15;19;20;18;7;8;,45;59;60;54;17;,0830;0833;0841;0846;0848;0854;,510.00;513.95;521.89;526.26;528.33;534.46;
1,15,9,0,15,9,p,AM,1000 ,0,0,18 ,20 ,9,0,0,0,15;10;9;,43;26;,0830;0842;0848;,510.00;522.73;528.41;
1,15,10,0,15,10,p,AM,4000 ,0,0,13 ,15 ,6,0,0,0,15;10;,43;,0830;0842;,510.00;522.73;
1,15,11,0,15,11,p,AM,389 ,0,0,25 ,27 ,9,0,0,0,15;14;11;,44;40;,0830;0842;0855;,510.00;522.25;535.05;
1,15,11,2,15,11,p,AM,1008 ,0,0,25 ,27 ,11,0,0,0,15;10;11;,43;27;,0830;0842;0855;,510.00;522.73;535.01;
1,15,12,1,15,12,p,AM,119 ,0,0,39 ,41 ,24,0,0,0,15;10;9;5;4;3;12;,43;26;23;11;8;7;,0830;0842;0848;0857;0900;0904;0908;,510.00;522.73;528.41;537.88;540.25;544.59;548.61;
1,15,12,0,15,12,p,AM,161 ,0,0,39 ,41 ,15,0,0,0,15;14;11;12;,44;40;33;,0830;0842;0855;0908;,510.00;522.25;535.05;548.63;
1,15,12,4,15,12,p,AM,417 ,0,0,39 ,41 ,17,0,0,0,15;10;11;12;,43;27;33;,0830;0842;0855;0908;,510.00;522.73;535.01;548.59;
1,15,13,1,15,13,p,AM,11 ,0,0,42 ,44 ,27,0,0,0,15;10;9;5;4;3;12;13;,43;26;23;11;8;7;37;,0830;0842;0848;0857;0900;0904;0908;0911;,510.00;522.73;528.41;537.88;540.25;544.59;548.61;551.64;
1,15,13,6,15,13,p,AM,19 ,0,0,42 ,44 ,15,0,0,0,15;14;23;24;13;,44;42;73;74;,0830;0842;0850;0854;0911;,510.00;522.25;530.96;534.63;551.62;
1,15,13,2,15,13,p,AM,51 ,0,0,42 ,44 ,18,0,0,0,15;14;11;12;13;,44;40;33;37;,0830;0842;0855;0908;0911;,510.00;522.25;535.05;548.63;551.66;
1,15,13,3,15,13,p,AM,156 ,0,0,42 ,44 ,13,0,0,0,15;22;23;24;13;,46;70;73;74;,0830;0838;0850;0854;0911;,510.00;518.72;530.99;534.66;551.65;
1,15,13,5,15,13,p,AM,159 ,0,0,42 ,44 ,20,0,0,0,15;10;11;12;13;,43;27;33;37;,0830;0842;0855;0908;0911;,510.00;522.73;535.01;548.59;551.62;
1,15,13,0,15,13,p,AM,303 ,0,0,42 ,44 ,12,0,0,0,15;22;21;24;13;,46;69;66;74;,0830;0838;0842;0854;0911;,510.00;518.72;522.68;534.59;551.57;
1,15,14,0,15,14,p,AM,1300 ,0,0,12 ,14 ,5,0,0,0,15;14;,44;,0830;0842;,510.00;522.25;
1,15,16,1,15,16,p,AM,120 ,0,0,20 ,22 ,14,0,0,0,15;19;20;18;16;,45;59;60;55;,0830;0833;0841;0846;0849;,510.00;513.95;521.89;526.26;529.52;
1,15,16,0,15,16,p,AM,1077 ,0,0,20 ,22 ,7,0,0,0,15;19;17;16;,45;58;52;,0830;0833;0841;0849;,510.00;513.95;521.59;529.51;
1,15,17,0,15,17,p,AM,1496 ,0,0,12 ,14 ,5,0,0,0,15;19;17;,45;58;,0830;0833;0841;,510.00;513.95;521.59;
1,15,18,1,15,18,p,AM,199 ,0,0,16 ,18 ,11,0,0,0,15;19;20;18;,45;59;60;,0830;0833;0841;0846;,510.00;513.95;521.89;526.26;
1,15,19,0,15,19,p,AM,800 ,0,0,4 ,6 ,3,0,0,0,15;19;,45;,0830;0833;,510.00;513.95;
1,15,20,0,15,20,p,AM,1095 ,0,0,12 ,14 ,7,0,0,0,15;19;20;,45;59;,0830;0833;0841;,510.00;513.95;521.89;
1,15,21,0,15,21,p,AM,798 ,0,0,13 ,15 ,5,0,0,0,15;22;21;,46;69;,0830;0838;0842;,510.00;518.72;522.68;
1,15,22,0,15,22,p,AM,2594 ,0,0,9 ,11 ,3,0,0,0,15;22;,46;,0830;0838;,510.00;518.72;
1,15,23,3,15,23,p,AM,388 ,0,0,21 ,23 ,9,0,0,0,15;14;23;,44;42;,0830;0842;0850;,510.00;522.25;530.96;
1,15,23,0,15,23,p,AM,608 ,0,0,21 ,23 ,7,0,0,0,15;22;23;,46;70;,0830;0838;0850;,510.00;518.72;530.99;
1,15,24,3,15,24,p,AM,27 ,0,0,25 ,27 ,11,0,0,0,15;14;23;24;,44;42;73;,0830;0842;0850;0854;,510.00;522.25;530.96;534.63;
1,15,24,2,15,24,p,AM,136 ,0,0,25 ,27 ,9,0,0,0,15;22;23;24;,46;70;73;,0830;0838;0850;0854;,510.00;518.72;530.99;534.66;
1,15,24,0,15,24,p,AM,236 ,0,0,25 ,27 ,8,0,0,0,15;22;21;24;,46;69;66;,0830;0838;0842;0854;,510.00;518.72;522.68;534.59;
1,16,1,3,16,1,p,AM,45 ,0,0,40 ,42 ,21,0,0,0,16;18;7;8;6;2;1;,50;54;17;19;14;3;,0830;0833;0835;0841;0858;0904;0910;,510.00;513.25;515.32;521.46;538.07;544.25;550.25;
1,16,1,0,16,1,p,AM,453 ,0,0,40 ,42 ,18,0,0,0,16;8;6;2;1;,47;19;14;3;,0830;0841;0858;0904;0910;,510.00;521.43;538.05;544.23;550.23;
1,16,2,2,16,2,p,AM,37 ,0,0,34 ,36 ,15,0,0,0,16;18;7;8;6;2;,50;54;17;19;14;,0830;0833;0835;0841;0858;0904;,510.00;513.25;515.32;521.46;538.07;544.25;
1,16,2,0,16,2,p,AM,362 ,0,0,34 ,36 ,12,0,0,0,16;8;6;2;,47;19;14;,0830;0841;0858;0904;,510.00;521.43;538.05;544.23;
1,16,3,5,16,3,p,AM,11 ,0,0,44 ,46 ,20,0,0,0,16;18;7;8;6;5;4;3;,50;54;17;19;15;11;8;,0830;0833;0835;0841;0858;0907;0909;0914;,510.00;513.25;515.32;521.46;538.07;547.57;549.94;554.28;
1,16,3,4,16,3,p,AM,21 ,0,0,44 ,46 ,26,0,0,0,16;8;9;5;4;3;,47;21;23;11;8;,0830;0841;0858;0907;0909;0914;,510.00;521.43;538.12;547.59;549.96;554.29;
1,16,3,2,16,3,p,AM,40 ,0,0,44 ,46 ,22,0,0,0,16;8;6;2;1;3;,47;19;14;3;2;,0830;0841;0858;0904;0910;0914;,510.00;521.43;538.05;544.23;550.23;554.24;
1,16,3,0,16,3,p,AM,120 ,0,0,44 ,46 ,17,0,0,0,16;8;6;5;4;3;,47;19;15;11;8;,0830;0841;0858;0907;0909;0914;,510.00;521.43;538.05;547.55;549.91;554.25;
1,16,4,1,16,4,p,AM,16 ,0,0,40 ,42 ,25,0,0,0,16;18;7;8;9;5;4;,50;54;17;21;23;11;,0830;0833;0835;0841;0858;0907;0909;,510.00;513.25;515.32;521.46;538.14;547.61;549.98;
1,16,4,4,16,4,p,AM,58 ,0,0,40 ,42 ,16,0,0,0,16;18;7;8;6;5;4;,50;54;17;19;15;11;,0830;0833;0835;0841;0858;0907;0909;,510.00;513.25;515.32;521.46;538.07;547.57;549.94;
1,16,4,3,16,4,p,AM,92 ,0,0,40 ,42 ,22,0,0,0,16;8;9;5;4;,47;21;23;11;,0830;0841;0858;0907;0909;,510.00;521.43;538.12;547.59;549.96;
1,16,4,0,16,4,p,AM,632 ,0,0,40 ,42 ,13,0,0,0,16;8;6;5;4;,47;19;15;11;,0830;0841;0858;0907;0909;,510.00;521.43;538.05;547.55;549.91;
1,16,5,1,16,5,p,AM,10 ,0,0,38 ,40 ,23,0,0,0,16;18;7;8;9;5;,50;54;17;21;23;,0830;0833;0835;0841;0858;0907;,510.00;513.25;515.32;521.46;538.14;547.61;
1,16,5,4,16,5,p,AM,36 ,0,0,38 ,40 ,14,0,0,0,16;18;7;8;6;5;,50;54;17;19;15;,0830;0833;0835;0841;0858;0907;,510.00;513.25;515.32;521.46;538.07;547.57;
1,16,5,3,16,5,p,AM,58 ,0,0,38 ,40 ,20,0,0,0,16;8;9;5;,47;21;23;,0830;0841;0858;0907;,510.00;521.43;538.12;547.59;
1,16,5,0,16,5,p,AM,395 ,0,0,38 ,40 ,11,0,0,0,16;8;6;5;,47;19;15;,0830;0841;0858;0907;,510.00;521.43;538.05;547.55;
1,16,6,2,16,6,p,AM,83 ,0,0,28 ,30 ,10,0,0,0,16;18;7;8;6;,50;54;17;19;,0830;0833;0835;0841;0858;,510.00;513.25;515.32;521.46;538.07;
1,16,6,0,16,6,p,AM,815 ,0,0,28 ,30 ,7,0,0,0,16;8;6;,47;19;,0830;0841;0858;,510.00;521.43;538.05;
1,16,7,0,16,7,p,AM,1400 ,0,0,5 ,7 ,5,0,0,0,16;18;7;,50;54;,0830;0833;0835;,510.00;513.25;515.32;
1,16,8,1,16,8,p,AM,209 ,0,0,12 ,14 ,8,0,0,0,16;18;7;8;,50;54;17;,0830;0833;0835;0841;,510.00;513.25;515.32;521.46;
1,16,8,0,16,8,p,AM,1991 ,0,0,11 ,13 ,5,0,0,0,16;8;,47;,0830;0841;,510.00;521.43;
1,16,9,0,16,9,p,AM,14 ,0,0,29 ,31 ,7,0,0,0,16;10;9;,48;26;,0830;0853;0858;,510.00;533.13;538.81;
1,16,9,1,16,9,p,AM,130 ,0,0,28 ,30 ,18,0,0,0,16;18;7;8;9;,50;54;17;21;,0830;0833;0835;0841;0858;,510.00;513.25;515.32;521.46;538.14;
1,16,9,3,16,9,p,AM,1253 ,0,0,28 ,30 ,15,0,0,0,16;8;9;,47;21;,0830;0841;0858;,510.00;521.43;538.12;
1,16,10,2,16,10,p,AM,11 ,0,0,42 ,44 ,24,0,0,0,16;18;20;21;22;15;10;,50;56;62;65;67;43;,0830;0833;0837;0846;0850;0858;0911;,510.00;513.25;517.62;526.31;530.25;538.92;551.65;
1,16,10,1,16,10,p,AM,11 ,0,0,32 ,34 ,20,0,0,0,16;18;20;19;15;10;,50;56;61;57;43;,0830;0833;0837;0845;0849;0902;,510.00;513.25;517.62;525.52;529.47;542.21;
1,16,10,3,16,10,p,AM,11 ,0,0,24 ,26 ,10,0,0,0,16;17;10;,49;51;,0830;0837;0854;,510.00;517.92;534.30;
1,16,10,0,16,10,p,AM,4367 ,0,0,23 ,25 ,4,0,0,0,16;10;,48;,0830;0853;,510.00;533.13;
1,16,11,0,16,11,p,AM,1390 ,0,0,35 ,37 ,9,0,0,0,16;10;11;,48;27;,0830;0853;0905;,510.00;533.13;545.41;
1,16,12,7,16,12,p,AM,25 ,0,0,48 ,50 ,24,0,0,0,16;18;7;8;6;5;4;3;12;,50;54;17;19;15;11;8;7;,0830;0833;0835;0841;0858;0907;0909;0914;0918;,510.00;513.25;515.32;521.46;538.07;547.57;549.94;554.28;558.30;
1,16,12,6,16,12,p,AM,42 ,0,0,48 ,50 ,30,0,0,0,16;8;9;5;4;3;12;,47;21;23;11;8;7;,0830;0841;0858;0907;0909;0914;0918;,510.00;521.43;538.12;547.59;549.96;554.29;558.32;
1,16,12,2,16,12,p,AM,77 ,0,0,48 ,50 ,26,0,0,0,16;8;6;2;1;3;12;,47;19;14;3;2;7;,0830;0841;0858;0904;0910;0914;0918;,510.00;521.43;538.05;544.23;550.23;554.24;558.26;
1,16,12,5,16,12,p,AM,217 ,0,0,48 ,50 ,23,0,0,0,16;18;20;21;24;13;12;,50;56;62;66;74;38;,0830;0833;0837;0846;0858;0915;0918;,510.00;513.25;517.62;526.31;538.22;555.21;558.24;
1,16,12,4,16,12,p,AM,333 ,0,0,48 ,50 ,21,0,0,0,16;8;6;5;4;3;12;,47;19;15;11;8;7;,0830;0841;0858;0907;0909;0914;0918;,510.00;521.43;538.05;547.55;549.91;554.25;558.27;
1,16,13,5,16,13,p,AM,591 ,0,0,45 ,47 ,20,0,0,0,16;18;20;21;24;13;,50;56;62;66;74;,0830;0833;0837;0846;0858;0915;,510.00;513.25;517.62;526.31;538.22;555.21;
1,16,14,4,16,14,p,AM,82 ,0,0,32 ,34 ,19,0,0,0,16;18;20;19;15;14;,50;56;61;57;44;,0830;0833;0837;0845;0849;0901;,510.00;513.25;517.62;525.52;529.47;541.73;
1,16,14,0,16,14,p,AM,611 ,0,0,32 ,34 ,12,0,0,0,16;17;19;15;14;,49;53;57;44;,0830;0837;0845;0849;0901;,510.00;517.92;525.53;529.48;541.73;
1,16,15,1,16,15,p,AM,147 ,0,0,20 ,22 ,14,0,0,0,16;18;20;19;15;,50;56;61;57;,0830;0833;0837;0845;0849;,510.00;513.25;517.62;525.52;529.47;
1,16,15,0,16,15,p,AM,1047 ,0,0,20 ,22 ,7,0,0,0,16;17;19;15;,49;53;57;,0830;0837;0845;0849;,510.00;517.92;525.53;529.48;
1,16,17,0,16,17,p,AM,2793 ,0,0,8 ,10 ,2,0,0,0,16;17;,49;,0830;0837;,510.00;517.92;
1,16,18,0,16,18,p,AM,500 ,0,0,3 ,5 ,3,0,0,0,16;18;,50;,0830;0833;,510.00;513.25;
1,16,19,1,16,19,p,AM,159 ,0,0,16 ,18 ,11,0,0,0,16;18;20;19;,50;56;61;,0830;0833;0837;0845;,510.00;513.25;517.62;525.52;
1,16,19,0,16,19,p,AM,1141 ,0,0,16 ,18 ,4,0,0,0,16;17;19;,49;53;,0830;0837;0845;,510.00;517.92;525.53;
1,16,20,0,16,20,p,AM,1600 ,0,0,8 ,10 ,7,0,0,0,16;18;20;,50;56;,0830;0833;0837;,510.00;513.25;517.62;
1,16,21,1,16,21,p,AM,597 ,0,0,16 ,18 ,13,0,0,0,16;18;20;21;,50;56;62;,0830;0833;0837;0846;,510.00;513.25;517.62;526.31;
1,16,22,1,16,22,p,AM,1191 ,0,0,15 ,17 ,12,0,0,0,16;18;20;22;,50;56;63;,0830;0833;0837;0845;,510.00;513.25;517.62;525.39;
1,16,23,1,16,23,p,AM,494 ,0,0,28 ,30 ,16,0,0,0,16;18;20;22;23;,50;56;63;70;,0830;0833;0837;0845;0857;,510.00;513.25;517.62;525.39;537.65;
1,16,24,2,16,24,p,AM,298 ,0,0,28 ,30 ,16,0,0,0,16;18;20;21;24;,50;56;62;66;,0830;0833;0837;0846;0858;,510.00;513.25;517.62;526.31;538.22;
1,17,1,1,17,1,p,AM,394 ,0,0,42 ,44 ,26,0,0,0,17;10;9;5;4;3;1;,51;26;23;11;8;5;,0830;0846;0852;0901;0903;0908;0912;,510.00;526.38;532.06;541.54;543.91;548.24;552.25;
1,17,2,2,17,2,p,AM,18 ,0,0,42 ,44 ,17,0,0,0,17;16;18;7;8;6;2;,52;50;54;17;19;14;,0830;0837;0841;0843;0849;0905;0912;,510.00;517.92;521.17;523.24;529.38;545.99;552.17;
1,17,2,0,17,2,p,AM,181 ,0,0,42 ,44 ,14,0,0,0,17;16;8;6;2;,52;47;19;14;,0830;0837;0849;0905;0912;,510.00;517.92;529.35;545.96;552.14;
1,17,3,1,17,3,p,AM,99 ,0,0,38 ,40 ,22,0,0,0,17;10;9;5;4;3;,51;26;23;11;8;,0830;0846;0852;0901;0903;0908;,510.00;526.38;532.06;541.54;543.91;548.24;
1,17,4,1,17,4,p,AM,495 ,0,0,34 ,36 ,18,0,0,0,17;10;9;5;4;,51;26;23;11;,0830;0846;0852;0901;0903;,510.00;526.38;532.06;541.54;543.91;
1,17,5,1,17,5,p,AM,198 ,0,0,32 ,34 ,16,0,0,0,17;10;9;5;,51;26;23;,0830;0846;0852;0901;,510.00;526.38;532.06;541.54;
1,17,6,2,17,6,p,AM,45 ,0,0,36 ,38 ,12,0,0,0,17;16;18;7;8;6;,52;50;54;17;19;,0830;0837;0841;0843;0849;0905;,510.00;517.92;521.17;523.24;529.38;545.99;
1,17,6,0,17,6,p,AM,453 ,0,0,36 ,38 ,9,0,0,0,17;16;8;6;,52;47;19;,0830;0837;0849;0905;,510.00;517.92;529.35;545.96;
1,17,7,0,17,7,p,AM,998 ,0,0,13 ,15 ,7,0,0,0,17;16;18;7;,52;50;54;,0830;0837;0841;0843;,510.00;517.92;521.17;523.24;
1,17,8,2,17,8,p,AM,130 ,0,0,19 ,21 ,10,0,0,0,17;16;18;7;8;,52;50;54;17;,0830;0837;0841;0843;0849;,510.00;517.92;521.17;523.24;529.38;
1,17,8,0,17,8,p,AM,1267 ,0,0,19 ,21 ,7,0,0,0,17;16;8;,52;47;,0830;0837;0849;,510.00;517.92;529.35;
1,17,9,1,17,9,p,AM,898 ,0,0,22 ,24 ,11,0,0,0,17;10;9;,51;26;,0830;0846;0852;,510.00;526.38;532.06;
1,17,10,0,17,10,p,AM,10 ,0,0,31 ,33 ,6,0,0,0,17;16;10;,52;48;,0830;0837;0901;,510.00;517.92;541.05;
1,17,10,1,17,10,p,AM,3890 ,0,0,16 ,18 ,8,0,0,0,17;10;,51;,0830;0846;,510.00;526.38;
1,17,11,2,17,11,p,AM,993 ,0,0,29 ,31 ,13,0,0,0,17;10;11;,51;27;,0830;0846;0858;,510.00;526.38;538.67;
1,17,12,1,17,12,p,AM,144 ,0,0,42 ,44 ,26,0,0,0,17;10;9;5;4;3;12;,51;26;23;11;8;7;,0830;0846;0852;0901;0903;0908;0912;,510.00;526.38;532.06;541.54;543.91;548.24;552.26;
1,17,12,4,17,12,p,AM,452 ,0,0,42 ,44 ,19,0,0,0,17;10;11;12;,51;27;33;,0830;0846;0858;0912;,510.00;526.38;538.67;552.24;
1,17,13,1,17,13,p,AM,119 ,0,0,45 ,47 ,29,0,0,0,17;10;9;5;4;3;12;13;,51;26;23;11;8;7;37;,0830;0846;0852;0901;0903;0908;0912;0915;,510.00;526.38;532.06;541.54;543.91;548.24;552.26;555.29;
1,17,13,4,17,13,p,AM,376 ,0,0,45 ,47 ,22,0,0,0,17;10;11;12;13;,51;27;33;37;,0830;0846;0858;0912;0915;,510.00;526.38;538.67;552.24;555.27;
1,17,14,0,17,14,p,AM,698 ,0,0,24 ,26 ,10,0,0,0,17;19;15;14;,53;57;44;,0830;0837;0841;0853;,510.00;517.61;521.56;533.82;
1,17,15,0,17,15,p,AM,1496 ,0,0,12 ,14 ,5,0,0,0,17;19;15;,53;57;,0830;0837;0841;,510.00;517.61;521.56;
1,17,16,0,17,16,p,AM,2793 ,0,0,8 ,10 ,2,0,0,0,17;16;,52;,0830;0837;,510.00;517.92;
1,17,18,0,17,18,p,AM,599 ,0,0,11 ,13 ,5,0,0,0,17;16;18;,52;50;,0830;0837;0841;,510.00;517.92;521.17;
1,17,19,0,17,19,p,AM,1696 ,0,0,8 ,10 ,2,0,0,0,17;19;,53;,0830;0837;,510.00;517.61;
1,17,20,0,17,20,p,AM,429 ,0,0,16 ,18 ,6,0,0,0,17;19;20;,53;59;,0830;0837;0845;,510.00;517.61;525.55;
1,17,20,2,17,20,p,AM,1267 ,0,0,16 ,18 ,9,0,0,0,17;16;18;20;,52;50;56;,0830;0837;0841;0845;,510.00;517.92;521.17;525.53;
1,17,21,3,17,21,p,AM,35 ,0,0,24 ,26 ,12,0,0,0,17;19;20;21;,53;59;62;,0830;0837;0845;0854;,510.00;517.61;525.55;534.25;
1,17,21,2,17,21,p,AM,252 ,0,0,24 ,26 ,15,0,0,0,17;16;18;20;21;,52;50;56;62;,0830;0837;0841;0845;0854;,510.00;517.92;521.17;525.53;534.23;
1,17,21,0,17,21,p,AM,312 ,0,0,24 ,26 ,10,0,0,0,17;19;15;22;21;,53;57;46;69;,0830;0837;0841;0850;0854;,510.00;517.61;521.56;530.29;534.24;
1,17,22,0,17,22,p,AM,1696 ,0,0,20 ,22 ,8,0,0,0,17;19;15;22;,53;57;46;,0830;0837;0841;0850;,510.00;517.61;521.56;530.29;
1,17,23,3,17,23,p,AM,233 ,0,0,33 ,35 ,14,0,0,0,17;19;15;14;23;,53;57;44;42;,0830;0837;0841;0853;0902;,510.00;517.61;521.56;533.82;542.52;
1,17,23,0,17,23,p,AM,365 ,0,0,33 ,35 ,12,0,0,0,17;19;15;22;23;,53;57;46;70;,0830;0837;0841;0850;0902;,510.00;517.61;521.56;530.29;542.55;
1,17,24,5,17,24,p,AM,11 ,0,0,36 ,38 ,15,0,0,0,17;19;20;21;24;,53;59;62;66;,0830;0837;0845;0854;0906;,510.00;517.61;525.55;534.25;546.16;
1,17,24,3,17,24,p,AM,18 ,0,0,36 ,38 ,16,0,0,0,17;19;15;14;23;24;,53;57;44;42;73;,0830;0837;0841;0853;0902;0906;,510.00;517.61;521.56;533.82;542.52;546.19;
1,17,24,4,17,24,p,AM,77 ,0,0,36 ,38 ,18,0,0,0,17;16;18;20;21;24;,52;50;56;62;66;,0830;0837;0841;0845;0854;0906;,510.00;517.92;521.17;525.53;534.23;546.14;
1,17,24,2,17,24,p,AM,86 ,0,0,36 ,38 ,14,0,0,0,17;19;15;22;23;24;,53;57;46;70;73;,0830;0837;0841;0850;0902;0906;,510.00;517.61;521.56;530.29;542.55;546.23;
1,17,24,0,17,24,p,AM,108 ,0,0,36 ,38 ,13,0,0,0,17;19;15;22;21;24;,53;57;46;69;66;,0830;0837;0841;0850;0854;0906;,510.00;517.61;521.56;530.29;534.24;546.15;
1,18,1,0,18,1,p,AM,100 ,0,0,37 ,39 ,18,0,0,0,18;7;8;6;2;1;,54;17;19;14;3;,0830;0832;0838;0854;0900;0906;,510.00;512.07;518.20;534.82;541.00;547.00;
1,18,4,1,18,4,p,AM,14 ,0,0,37 ,39 ,22,0,0,0,18;7;8;9;5;4;,54;17;21;23;11;,0830;0832;0838;0854;0904;0906;,510.00;512.07;518.20;534.89;544.36;546.73;
1,18,4,0,18,4,p,AM,86 ,0,0,37 ,39 ,13,0,0,0,18;7;8;6;5;4;,54;17;19;15;11;,0830;0832;0838;0854;0904;0906;,510.00;512.07;518.20;534.82;544.32;546.69;
1,18,6,0,18,6,p,AM,100 ,0,0,25 ,27 ,7,0,0,0,18;7;8;6;,54;17;19;,0830;0832;0838;0854;,510.00;512.07;518.20;534.82;
1,18,7,0,18,7,p,AM,200 ,0,0,2 ,4 ,2,0,0,0,18;7;,54;,0830;0832;,510.00;512.07;
1,18,8,0,18,8,p,AM,300 ,0,0,8 ,10 ,5,0,0,0,18;7;8;,54;17;,0830;0832;0838;,510.00;512.07;518.20;
1,18,9,1,18,9,p,AM,199 ,0,0,25 ,27 ,15,0,0,0,18;7;8;9;,54;17;21;,0830;0832;0838;0854;,510.00;512.07;518.20;534.89;
1,18,10,0,18,10,p,AM,695 ,0,0,26 ,28 ,7,0,0,0,18;16;10;,55;48;,0830;0833;0856;,510.00;513.26;536.39;
1,18,11,0,18,11,p,AM,199 ,0,0,39 ,41 ,12,0,0,0,18;16;10;11;,55;48;27;,0830;0833;0856;0908;,510.00;513.26;536.39;548.67;
1,18,12,4,18,12,p,AM,59 ,0,0,45 ,47 ,21,0,0,0,18;7;8;6;5;4;3;12;,54;17;19;15;11;8;7;,0830;0832;0838;0854;0904;0906;0911;0915;,510.00;512.07;518.20;534.82;544.32;546.69;551.02;555.04;
1,18,12,5,18,12,p,AM,133 ,0,0,45 ,47 ,20,0,0,0,18;20;21;24;13;12;,56;62;66;74;38;,0830;0834;0843;0854;0911;0914;,510.00;514.36;523.06;534.97;551.95;554.98;
1,18,13,0,18,13,p,AM,99 ,0,0,42 ,44 ,17,0,0,0,18;20;21;24;13;,56;62;66;74;,0830;0834;0843;0854;0911;,510.00;514.36;523.06;534.97;551.95;
1,18,14,3,18,14,p,AM,99 ,0,0,29 ,31 ,16,0,0,0,18;20;19;15;14;,56;61;57;44;,0830;0834;0842;0846;0858;,510.00;514.36;522.27;526.22;538.47;
1,18,15,1,18,15,p,AM,199 ,0,0,16 ,18 ,11,0,0,0,18;20;19;15;,56;61;57;,0830;0834;0842;0846;,510.00;514.36;522.27;526.22;
1,18,16,0,18,16,p,AM,500 ,0,0,3 ,5 ,3,0,0,0,18;16;,55;,0830;0833;,510.00;513.26;
1,18,17,0,18,17,p,AM,599 ,0,0,11 ,13 ,5,0,0,0,18;16;17;,55;49;,0830;0833;0841;,510.00;513.26;521.18;
1,18,19,1,18,19,p,AM,298 ,0,0,12 ,14 ,8,0,0,0,18;20;19;,56;61;,0830;0834;0842;,510.00;514.36;522.27;
1,18,20,0,18,20,p,AM,400 ,0,0,4 ,6 ,4,0,0,0,18;20;,56;,0830;0834;,510.00;514.36;
1,18,21,0,18,21,p,AM,100 ,0,0,13 ,15 ,10,0,0,0,18;20;21;,56;62;,0830;0834;0843;,510.00;514.36;523.06;
1,18,22,0,18,22,p,AM,299 ,0,0,12 ,14 ,9,0,0,0,18;20;22;,56;63;,0830;0834;0842;,510.00;514.36;522.13;
1,18,23,0,18,23,p,AM,99 ,0,0,24 ,26 ,13,0,0,0,18;20;22;23;,56;63;70;,0830;0834;0842;0854;,510.00;514.36;522.13;534.40;
1,19,1,1,19,1,p,AM,297 ,0,0,43 ,45 ,27,0,0,0,19;15;10;9;5;4;3;1;,57;43;26;23;11;8;5;,0830;0833;0846;0852;0901;0904;0908;0912;,510.00;513.95;526.68;532.36;541.83;544.20;548.54;552.55;
1,19,2,3,19,2,p,AM,99 ,0,0,43 ,45 ,20,0,0,0,19;20;18;7;8;6;2;,59;60;54;17;19;14;,0830;0837;0842;0844;0850;0907;0913;,510.00;517.94;522.30;524.37;530.51;547.12;553.30;
1,19,4,1,19,4,p,AM,199 ,0,0,34 ,36 ,19,0,0,0,19;15;10;9;5;4;,57;43;26;23;11;,0830;0833;0846;0852;0901;0904;,510.00;513.95;526.68;532.36;541.83;544.20;
1,19,5,1,19,5,p,AM,100 ,0,0,32 ,34 ,17,0,0,0,19;15;10;9;5;,57;43;26;23;,0830;0833;0846;0852;0901;,510.00;513.95;526.68;532.36;541.83;
1,19,6,2,19,6,p,AM,198 ,0,0,37 ,39 ,15,0,0,0,19;20;18;7;8;6;,59;60;54;17;19;,0830;0837;0842;0844;0850;0907;,510.00;517.94;522.30;524.37;530.51;547.12;
1,19,7,1,19,7,p,AM,397 ,0,0,14 ,16 ,10,0,0,0,19;20;18;7;,59;60;54;,0830;0837;0842;0844;,510.00;517.94;522.30;524.37;
1,19,8,1,19,8,p,AM,695 ,0,0,21 ,23 ,13,0,0,0,19;20;18;7;8;,59;60;54;17;,0830;0837;0842;0844;0850;,510.00;517.94;522.30;524.37;530.51;
1,19,9,1,19,9,p,AM,399 ,0,0,22 ,24 ,12,0,0,0,19;15;10;9;,57;43;26;,0830;0833;0846;0852;,510.00;513.95;526.68;532.36;
1,19,10,1,19,10,p,AM,1796 ,0,0,17 ,19 ,9,0,0,0,19;15;10;,57;43;,0830;0833;0846;,510.00;513.95;526.68;
1,19,11,0,19,11,p,AM,111 ,0,0,29 ,31 ,12,0,0,0,19;15;14;11;,57;44;40;,0830;0833;0846;0859;,510.00;513.95;526.20;539.00;
1,19,11,2,19,11,p,AM,288 ,0,0,29 ,31 ,14,0,0,0,19;15;10;11;,57;43;27;,0830;0833;0846;0858;,510.00;513.95;526.68;538.96;
1,19,12,1,19,12,p,AM,51 ,0,0,43 ,45 ,27,0,0,0,19;15;10;9;5;4;3;12;,57;43;26;23;11;8;7;,0830;0833;0846;0852;0901;0904;0908;0912;,510.00;513.95;526.68;532.36;541.83;544.20;548.54;552.56;
1,19,12,0,19,12,p,AM,69 ,0,0,43 ,45 ,18,0,0,0,19;15;14;11;12;,57;44;40;33;,0830;0833;0846;0859;0912;,510.00;513.95;526.20;539.00;552.58;
1,19,12,4,19,12,p,AM,179 ,0,0,43 ,45 ,20,0,0,0,19;15;10;11;12;,57;43;27;33;,0830;0833;0846;0858;0912;,510.00;513.95;526.68;538.96;552.54;
1,19,13,7,19,13,p,AM,15 ,0,0,46 ,48 ,17,0,0,0,19;20;21;24;13;,59;62;66;74;,0830;0837;0846;0858;0915;,510.00;517.94;526.63;538.54;555.53;
1,19,13,2,19,13,p,AM,22 ,0,0,46 ,48 ,21,0,0,0,19;15;14;11;12;13;,57;44;40;33;37;,0830;0833;0846;0859;0912;0915;,510.00;513.95;526.20;539.00;552.58;555.61;
1,19,13,3,19,13,p,AM,65 ,0,0,46 ,48 ,16,0,0,0,19;15;22;23;24;13;,57;46;70;73;74;,0830;0833;0842;0854;0858;0915;,510.00;513.95;522.67;534.94;538.61;555.60;
1,19,13,5,19,13,p,AM,68 ,0,0,46 ,48 ,23,0,0,0,19;15;10;11;12;13;,57;43;27;33;37;,0830;0833;0846;0858;0912;0915;,510.00;513.95;526.68;538.96;552.54;555.57;
1,19,13,0,19,13,p,AM,118 ,0,0,46 ,48 ,15,0,0,0,19;15;22;21;24;13;,57;46;69;66;74;,0830;0833;0842;0846;0858;0915;,510.00;513.95;522.67;526.63;538.54;555.52;
1,19,14,0,19,14,p,AM,299 ,0,0,16 ,18 ,8,0,0,0,19;15;14;,57;44;,0830;0833;0846;,510.00;513.95;526.20;
1,19,15,0,19,15,p,AM,800 ,0,0,4 ,6 ,3,0,0,0,19;15;,57;,0830;0833;,510.00;513.95;
1,19,16,1,19,16,p,AM,130 ,0,0,16 ,18 ,11,0,0,0,19;20;18;16;,59;60;55;,0830;0837;0842;0845;,510.00;517.94;522.30;525.56;
1,19,16,0,19,16,p,AM,1170 ,0,0,16 ,18 ,4,0,0,0,19;17;16;,58;52;,0830;0837;0845;,510.00;517.64;525.56;
1,19,17,0,19,17,p,AM,1696 ,0,0,8 ,10 ,2,0,0,0,19;17;,58;,0830;0837;,510.00;517.64;
1,19,18,1,19,18,p,AM,298 ,0,0,12 ,14 ,8,0,0,0,19;20;18;,59;60;,0830;0837;0842;,510.00;517.94;522.30;
1,19,20,0,19,20,p,AM,1194 ,0,0,8 ,10 ,4,0,0,0,19;20;,59;,0830;0837;,510.00;517.94;
1,19,21,1,19,21,p,AM,61 ,0,0,17 ,19 ,10,0,0,0,19;20;21;,59;62;,0830;0837;0846;,510.00;517.94;526.63;
1,19,21,0,19,21,p,AM,339 ,0,0,17 ,19 ,8,0,0,0,19;15;22;21;,57;46;69;,0830;0833;0842;0846;,510.00;513.95;522.67;526.63;
1,19,22,0,19,22,p,AM,1197 ,0,0,13 ,15 ,6,0,0,0,19;15;22;,57;46;,0830;0833;0842;,510.00;513.95;522.67;
1,19,23,3,19,23,p,AM,116 ,0,0,25 ,27 ,12,0,0,0,19;15;14;23;,57;44;42;,0830;0833;0846;0854;,510.00;513.95;526.20;534.91;
1,19,23,0,19,23,p,AM,182 ,0,0,25 ,27 ,10,0,0,0,19;15;22;23;,57;46;70;,0830;0833;0842;0854;,510.00;513.95;522.67;534.94;
1,19,24,2,19,24,p,AM,33 ,0,0,29 ,31 ,12,0,0,0,19;15;22;23;24;,57;46;70;73;,0830;0833;0842;0854;0858;,510.00;513.95;522.67;534.94;538.61;
1,19,24,0,19,24,p,AM,54 ,0,0,29 ,31 ,11,0,0,0,19;15;22;21;24;,57;46;69;66;,0830;0833;0842;0846;0858;,510.00;513.95;522.67;526.63;538.54;
1,20,1,0,20,1,p,AM,299 ,0,0,41 ,43 ,22,0,0,0,20;18;7;8;6;2;1;,60;54;17;19;14;3;,0830;0834;0836;0842;0859;0905;0911;,510.00;514.37;516.43;522.57;539.18;545.37;551.37;
1,20,2,0,20,2,p,AM,100 ,0,0,35 ,37 ,16,0,0,0,20;18;7;8;6;2;,60;54;17;19;14;,0830;0834;0836;0842;0859;0905;,510.00;514.37;516.43;522.57;539.18;545.37;
1,20,4,2,20,4,p,AM,40 ,0,0,41 ,43 ,26,0,0,0,20;18;7;8;9;5;4;,60;54;17;21;23;11;,0830;0834;0836;0842;0859;0908;0911;,510.00;514.37;516.43;522.57;539.25;548.73;551.10;
1,20,4,0,20,4,p,AM,259 ,0,0,41 ,43 ,17,0,0,0,20;18;7;8;6;5;4;,60;54;17;19;15;11;,0830;0834;0836;0842;0859;0908;0911;,510.00;514.37;516.43;522.57;539.18;548.68;551.05;
1,20,5,2,20,5,p,AM,13 ,0,0,39 ,41 ,24,0,0,0,20;18;7;8;9;5;,60;54;17;21;23;,0830;0834;0836;0842;0859;0908;,510.00;514.37;516.43;522.57;539.25;548.73;
1,20,5,0,20,5,p,AM,86 ,0,0,39 ,41 ,15,0,0,0,20;18;7;8;6;5;,60;54;17;19;15;,0830;0834;0836;0842;0859;0908;,510.00;514.37;516.43;522.57;539.18;548.68;
1,20,6,0,20,6,p,AM,299 ,0,0,29 ,31 ,11,0,0,0,20;18;7;8;6;,60;54;17;19;,0830;0834;0836;0842;0859;,510.00;514.37;516.43;522.57;539.18;
1,20,7,0,20,7,p,AM,500 ,0,0,6 ,8 ,6,0,0,0,20;18;7;,60;54;,0830;0834;0836;,510.00;514.37;516.43;
1,20,8,0,20,8,p,AM,900 ,0,0,13 ,15 ,9,0,0,0,20;18;7;8;,60;54;17;,0830;0834;0836;0842;,510.00;514.37;516.43;522.57;
1,20,9,2,20,9,p,AM,594 ,0,0,29 ,31 ,19,0,0,0,20;18;7;8;9;,60;54;17;21;,0830;0834;0836;0842;0859;,510.00;514.37;516.43;522.57;539.25;
1,20,10,0,20,10,p,AM,2494 ,0,0,31 ,33 ,11,0,0,0,20;18;16;10;,60;55;48;,0830;0834;0837;0900;,510.00;514.37;517.63;540.76;
1,20,11,3,20,11,p,AM,164 ,0,0,37 ,39 ,16,0,0,0,20;19;15;14;11;,61;57;44;40;,0830;0837;0841;0854;0906;,510.00;517.91;521.86;534.11;546.91;
1,20,11,0,20,11,p,AM,434 ,0,0,43 ,45 ,16,0,0,0,20;18;16;10;11;,60;55;48;27;,0830;0834;0837;0900;0913;,510.00;514.37;517.63;540.76;553.04;
1,20,12,0,20,12,p,AM,495 ,0,0,41 ,43 ,16,0,0,0,20;21;24;13;12;,62;66;74;38;,0830;0838;0850;0907;0910;,510.00;518.69;530.60;547.59;550.62;
1,20,13,0,20,13,p,AM,594 ,0,0,38 ,40 ,13,0,0,0,20;21;24;13;,62;66;74;,0830;0838;0850;0907;,510.00;518.69;530.60;547.59;
1,20,14,0,20,14,p,AM,495 ,0,0,24 ,26 ,12,0,0,0,20;19;15;14;,61;57;44;,0830;0837;0841;0854;,510.00;517.91;521.86;534.11;
1,20,15,0,20,15,p,AM,1095 ,0,0,12 ,14 ,7,0,0,0,20;19;15;,61;57;,0830;0837;0841;,510.00;517.91;521.86;
1,20,16,0,20,16,p,AM,1600 ,0,0,8 ,10 ,7,0,0,0,20;18;16;,60;55;,0830;0834;0837;,510.00;514.37;517.63;
1,20,17,0,20,17,p,AM,523 ,0,0,16 ,18 ,6,0,0,0,20;19;17;,61;58;,0830;0837;0845;,510.00;517.91;525.55;
1,20,17,2,20,17,p,AM,1173 ,0,0,16 ,18 ,9,0,0,0,20;18;16;17;,60;55;49;,0830;0834;0837;0845;,510.00;514.37;517.63;525.54;
1,20,18,0,20,18,p,AM,400 ,0,0,4 ,6 ,4,0,0,0,20;18;,60;,0830;0834;,510.00;514.37;
1,20,19,0,20,19,p,AM,1194 ,0,0,8 ,10 ,4,0,0,0,20;19;,61;,0830;0837;,510.00;517.91;
1,20,21,0,20,21,p,AM,1197 ,0,0,9 ,11 ,6,0,0,0,20;21;,62;,0830;0838;,510.00;518.69;
1,20,22,0,20,22,p,AM,2394 ,0,0,8 ,10 ,5,0,0,0,20;22;,63;,0830;0837;,510.00;517.77;
1,20,23,0,20,23,p,AM,695 ,0,0,20 ,22 ,9,0,0,0,20;22;23;,63;70;,0830;0837;0850;,510.00;517.77;530.04;
1,20,24,0,20,24,p,AM,398 ,0,0,21 ,23 ,9,0,0,0,20;21;24;,62;66;,0830;0838;0850;,510.00;518.69;530.60;
1,21,1,0,21,1,p,AM,100 ,0,0,40 ,42 ,18,0,0,0,21;24;13;12;3;1;,66;74;38;35;5;,0830;0841;0858;0901;0905;0909;,510.00;521.91;538.90;541.93;545.95;549.96;
1,21,4,0,21,4,p,AM,199 ,0,0,40 ,42 ,18,0,0,0,21;24;13;12;3;4;,66;74;38;35;6;,0830;0841;0858;0901;0905;0910;,510.00;521.91;538.90;541.93;545.95;550.28;
1,21,5,0,21,5,p,AM,93 ,0,0,41 ,43 ,19,0,0,0,21;22;15;10;9;5;,65;67;43;26;23;,0830;0833;0842;0855;0901;0910;,510.00;513.94;522.61;535.34;541.02;550.49;
1,21,6,0,21,6,p,AM,100 ,0,0,38 ,40 ,17,0,0,0,21;20;18;7;8;6;,64;60;54;17;19;,0830;0838;0843;0845;0851;0907;,510.00;518.66;523.03;525.09;531.23;547.84;
1,21,7,0,21,7,p,AM,200 ,0,0,15 ,17 ,12,0,0,0,21;20;18;7;,64;60;54;,0830;0838;0843;0845;,510.00;518.66;523.03;525.09;
1,21,8,0,21,8,p,AM,400 ,0,0,21 ,23 ,15,0,0,0,21;20;18;7;8;,64;60;54;17;,0830;0838;0843;0845;0851;,510.00;518.66;523.03;525.09;531.23;
1,21,9,0,21,9,p,AM,299 ,0,0,31 ,33 ,14,0,0,0,21;22;15;10;9;,65;67;43;26;,0830;0833;0842;0855;0901;,510.00;513.94;522.61;535.34;541.02;
1,21,10,0,21,10,p,AM,1194 ,0,0,25 ,27 ,11,0,0,0,21;22;15;10;,65;67;43;,0830;0833;0842;0855;,510.00;513.94;522.61;535.34;
1,21,11,0,21,11,p,AM,396 ,0,0,37 ,39 ,13,0,0,0,21;24;23;14;11;,66;76;71;40;,0830;0841;0845;0854;0907;,510.00;521.91;525.55;534.24;547.04;
1,21,12,0,21,12,p,AM,299 ,0,0,32 ,34 ,10,0,0,0,21;24;13;12;,66;74;38;,0830;0841;0858;0901;,510.00;521.91;538.90;541.93;
1,21,13,0,21,13,p,AM,599 ,0,0,29 ,31 ,7,0,0,0,21;24;13;,66;74;,0830;0841;0858;,510.00;521.91;538.90;
1,21,14,0,21,14,p,AM,398 ,0,0,24 ,26 ,9,0,0,0,21;24;23;14;,66;76;71;,0830;0841;0845;0854;,510.00;521.91;525.55;534.24;
1,21,15,0,21,15,p,AM,798 ,0,0,13 ,15 ,5,0,0,0,21;22;15;,65;67;,0830;0833;0842;,510.00;513.94;522.61;
1,21,16,1,21,16,p,AM,599 ,0,0,16 ,18 ,13,0,0,0,21;20;18;16;,64;60;55;,0830;0838;0843;0846;,510.00;518.66;523.03;526.29;
1,21,17,3,21,17,p,AM,107 ,0,0,24 ,26 ,12,0,0,0,21;20;19;17;,64;61;58;,0830;0838;0846;0854;,510.00;518.66;526.57;534.21;
1,21,17,0,21,17,p,AM,155 ,0,0,24 ,26 ,10,0,0,0,21;22;15;19;17;,65;67;45;58;,0830;0833;0842;0846;0854;,510.00;513.94;522.61;526.57;534.20;
1,21,17,2,21,17,p,AM,338 ,0,0,24 ,26 ,15,0,0,0,21;20;18;16;17;,64;60;55;49;,0830;0838;0843;0846;0854;,510.00;518.66;523.03;526.29;534.20;
1,21,18,0,21,18,p,AM,100 ,0,0,13 ,15 ,10,0,0,0,21;20;18;,64;60;,0830;0838;0843;,510.00;518.66;523.03;
1,21,19,1,21,19,p,AM,154 ,0,0,17 ,19 ,10,0,0,0,21;20;19;,64;61;,0830;0838;0846;,510.00;518.66;526.57;
1,21,19,0,21,19,p,AM,246 ,0,0,17 ,19 ,8,0,0,0,21;22;15;19;,65;67;45;,0830;0833;0842;0846;,510.00;513.94;522.61;526.57;
1,21,20,0,21,20,p,AM,1200 ,0,0,9 ,11 ,6,0,0,0,21;20;,64;,0830;0838;,510.00;518.66;
1,21,22,0,21,22,p,AM,1796 ,0,0,4 ,6 ,2,0,0,0,21;22;,65;,0830;0833;,510.00;513.94;
1,21,23,0,21,23,p,AM,698 ,0,0,16 ,18 ,5,0,0,0,21;24;23;,66;76;,0830;0841;0845;,510.00;521.91;525.55;
1,21,24,0,21,24,p,AM,499 ,0,0,12 ,14 ,3,0,0,0,21;24;,66;,0830;0841;,510.00;521.91;
1,22,1,1,22,1,p,AM,158 ,0,0,44 ,46 ,21,0,0,0,22;23;24;13;12;3;1;,70;73;74;38;35;5;,0830;0842;0845;0902;0905;0909;0913;,510.00;522.27;525.94;542.93;545.95;549.98;553.99;
1,22,1,0,22,1,p,AM,241 ,0,0,44 ,46 ,20,0,0,0,22;21;24;13;12;3;1;,69;66;74;38;35;5;,0830;0833;0845;0902;0905;0909;0913;,510.00;513.95;525.86;542.85;545.88;549.90;553.91;
1,22,2,0,22,2,p,AM,99 ,0,0,43 ,45 ,21,0,0,0,22;20;18;7;8;6;2;,68;60;54;17;19;14;,0830;0837;0842;0844;0850;0906;0913;,510.00;517.77;522.14;524.21;530.34;546.96;553.14;
1,22,3,1,22,3,p,AM,40 ,0,0,40 ,42 ,17,0,0,0,22;23;24;13;12;3;,70;73;74;38;35;,0830;0842;0845;0902;0905;0909;,510.00;522.27;525.94;542.93;545.95;549.98;
1,22,3,0,22,3,p,AM,60 ,0,0,40 ,42 ,16,0,0,0,22;21;24;13;12;3;,69;66;74;38;35;,0830;0833;0845;0902;0905;0909;,510.00;513.95;525.86;542.85;545.88;549.90;
1,22,4,5,22,4,p,AM,395 ,0,0,39 ,41 ,19,0,0,0,22;15;10;9;5;4;,67;43;26;23;11;,0830;0838;0851;0857;0906;0908;,510.00;518.67;531.41;537.09;546.56;548.93;
1,22,5,0,22,5,p,AM,199 ,0,0,37 ,39 ,17,0,0,0,22;15;10;9;5;,67;43;26;23;,0830;0838;0851;0857;0906;,510.00;518.67;531.41;537.09;546.56;
1,22,6,0,22,6,p,AM,199 ,0,0,37 ,39 ,16,0,0,0,22;20;18;7;8;6;,68;60;54;17;19;,0830;0837;0842;0844;0850;0906;,510.00;517.77;522.14;524.21;530.34;546.96;
1,22,7,0,22,7,p,AM,499 ,0,0,14 ,16 ,11,0,0,0,22;20;18;7;,68;60;54;,0830;0837;0842;0844;,510.00;517.77;522.14;524.21;
1,22,8,0,22,8,p,AM,499 ,0,0,20 ,22 ,14,0,0,0,22;20;18;7;8;,68;60;54;17;,0830;0837;0842;0844;0850;,510.00;517.77;522.14;524.21;530.34;
1,22,9,0,22,9,p,AM,698 ,0,0,27 ,29 ,12,0,0,0,22;15;10;9;,67;43;26;,0830;0838;0851;0857;,510.00;518.67;531.41;537.09;
1,22,10,0,22,10,p,AM,2594 ,0,0,21 ,23 ,9,0,0,0,22;15;10;,67;43;,0830;0838;0851;,510.00;518.67;531.41;
1,22,11,0,22,11,p,AM,201 ,0,0,34 ,36 ,12,0,0,0,22;15;14;11;,67;44;40;,0830;0838;0850;0903;,510.00;518.67;530.93;543.73;
1,22,11,4,22,11,p,AM,327 ,0,0,34 ,36 ,12,0,0,0,22;23;14;11;,70;71;40;,0830;0842;0850;0903;,510.00;522.27;530.95;543.75;
1,22,11,3,22,11,p,AM,567 ,0,0,34 ,36 ,14,0,0,0,22;15;10;11;,67;43;27;,0830;0838;0851;0903;,510.00;518.67;531.41;543.69;
1,22,12,1,22,12,p,AM,277 ,0,0,36 ,38 ,13,0,0,0,22;23;24;13;12;,70;73;74;38;,0830;0842;0845;0902;0905;,510.00;522.27;525.94;542.93;545.95;
1,22,12,0,22,12,p,AM,422 ,0,0,36 ,38 ,12,0,0,0,22;21;24;13;12;,69;66;74;38;,0830;0833;0845;0902;0905;,510.00;513.95;525.86;542.85;545.88;
1,22,13,1,22,13,p,AM,514 ,0,0,33 ,35 ,10,0,0,0,22;23;24;13;,70;73;74;,0830;0842;0845;0902;,510.00;522.27;525.94;542.93;
1,22,13,0,22,13,p,AM,783 ,0,0,33 ,35 ,9,0,0,0,22;21;24;13;,69;66;74;,0830;0833;0845;0902;,510.00;513.95;525.86;542.85;
1,22,14,0,22,14,p,AM,483 ,0,0,21 ,23 ,8,0,0,0,22;15;14;,67;44;,0830;0838;0850;,510.00;518.67;530.93;
1,22,14,1,22,14,p,AM,717 ,0,0,21 ,23 ,8,0,0,0,22;23;14;,70;71;,0830;0842;0850;,510.00;522.27;530.95;
1,22,15,0,22,15,p,AM,2594 ,0,0,9 ,11 ,3,0,0,0,22;15;,67;,0830;0838;,510.00;518.67;
1,22,16,1,22,16,p,AM,1194 ,0,0,15 ,17 ,12,0,0,0,22;20;18;16;,68;60;55;,0830;0837;0842;0845;,510.00;517.77;522.14;525.40;
1,22,17,0,22,17,p,AM,1696 ,0,0,20 ,22 ,8,0,0,0,22;15;19;17;,67;45;58;,0830;0838;0842;0850;,510.00;518.67;522.63;530.27;
1,22,18,0,22,18,p,AM,299 ,0,0,12 ,14 ,9,0,0,0,22;20;18;,68;60;,0830;0837;0842;,510.00;517.77;522.14;
1,22,19,0,22,19,p,AM,1197 ,0,0,13 ,15 ,6,0,0,0,22;15;19;,67;45;,0830;0838;0842;,510.00;518.67;522.63;
1,22,20,0,22,20,p,AM,2394 ,0,0,8 ,10 ,5,0,0,0,22;20;,68;,0830;0837;,510.00;517.77;
1,22,21,0,22,21,p,AM,1796 ,0,0,4 ,6 ,2,0,0,0,22;21;,69;,0830;0833;,510.00;513.95;
1,22,23,0,22,23,p,AM,2095 ,0,0,12 ,14 ,4,0,0,0,22;23;,70;,0830;0842;,510.00;522.27;
1,22,24,1,22,24,p,AM,435 ,0,0,16 ,18 ,6,0,0,0,22;23;24;,70;73;,0830;0842;0845;,510.00;522.27;525.94;
1,22,24,0,22,24,p,AM,666 ,0,0,16 ,18 ,5,0,0,0,22;21;24;,69;66;,0830;0833;0845;,510.00;513.95;525.86;
1,23,1,0,23,1,p,AM,299 ,0,0,32 ,34 ,17,0,0,0,23;24;13;12;3;1;,73;74;38;35;5;,0830;0833;0850;0853;0857;0901;,510.00;513.67;530.66;533.69;537.71;541.72;
1,23,3,0,23,3,p,AM,100 ,0,0,28 ,30 ,13,0,0,0,23;24;13;12;3;,73;74;38;35;,0830;0833;0850;0853;0857;,510.00;513.67;530.66;533.69;537.71;
1,23,4,0,23,4,p,AM,491 ,0,0,29 ,31 ,14,0,0,0,23;14;11;4;,71;40;31;,0830;0838;0851;0858;,510.00;518.69;531.49;538.77;
1,23,5,0,23,5,p,AM,98 ,0,0,31 ,33 ,16,0,0,0,23;14;11;4;5;,71;40;31;9;,0830;0838;0851;0858;0901;,510.00;518.69;531.49;538.77;541.13;
1,23,6,0,23,6,p,AM,98 ,0,0,41 ,43 ,20,0,0,0,23;14;11;4;5;6;,71;40;31;9;12;,0830;0838;0851;0858;0901;0910;,510.00;518.69;531.49;538.77;541.13;550.58;
1,23,7,0,23,7,p,AM,199 ,0,0,26 ,28 ,15,0,0,0,23;22;20;18;7;,72;68;60;54;,0830;0842;0849;0854;0856;,510.00;522.18;529.95;534.32;536.38;
1,23,8,0,23,8,p,AM,298 ,0,0,33 ,35 ,18,0,0,0,23;22;20;18;7;8;,72;68;60;54;17;,0830;0842;0849;0854;0856;0902;,510.00;522.18;529.95;534.32;536.38;542.52;
1,23,9,0,23,9,p,AM,58 ,0,0,39 ,41 ,16,0,0,0,23;14;11;10;9;,71;40;32;26;,0830;0838;0851;0903;0909;,510.00;518.69;531.49;543.55;549.23;
1,23,9,4,23,9,p,AM,143 ,0,0,39 ,41 ,18,0,0,0,23;14;15;10;9;,71;41;43;26;,0830;0838;0850;0903;0909;,510.00;518.69;530.82;543.56;549.24;
1,23,9,3,23,9,p,AM,298 ,0,0,39 ,41 ,16,0,0,0,23;22;15;10;9;,72;67;43;26;,0830;0842;0850;0903;0909;,510.00;522.18;530.85;543.58;549.26;
1,23,10,0,23,10,p,AM,207 ,0,0,34 ,36 ,13,0,0,0,23;14;11;10;,71;40;32;,0830;0838;0851;0903;,510.00;518.69;531.49;543.55;
1,23,10,3,23,10,p,AM,513 ,0,0,34 ,36 ,15,0,0,0,23;14;15;10;,71;41;43;,0830;0838;0850;0903;,510.00;518.69;530.82;543.56;
1,23,10,2,23,10,p,AM,1076 ,0,0,34 ,36 ,13,0,0,0,23;22;15;10;,72;67;43;,0830;0842;0850;0903;,510.00;522.18;530.85;543.58;
1,23,11,0,23,11,p,AM,1294 ,0,0,22 ,24 ,8,0,0,0,23;14;11;,71;40;,0830;0838;0851;,510.00;518.69;531.49;
1,23,12,0,23,12,p,AM,698 ,0,0,24 ,26 ,9,0,0,0,23;24;13;12;,73;74;38;,0830;0833;0850;0853;,510.00;513.67;530.66;533.69;
1,23,13,0,23,13,p,AM,798 ,0,0,21 ,23 ,6,0,0,0,23;24;13;,73;74;,0830;0833;0850;,510.00;513.67;530.66;
1,23,14,0,23,14,p,AM,1100 ,0,0,9 ,11 ,4,0,0,0,23;14;,71;,0830;0838;,510.00;518.69;
1,23,15,2,23,15,p,AM,365 ,0,0,21 ,23 ,9,0,0,0,23;14;15;,71;41;,0830;0838;0850;,510.00;518.69;530.82;
1,23,15,0,23,15,p,AM,633 ,0,0,21 ,23 ,7,0,0,0,23;22;15;,72;67;,0830;0842;0850;,510.00;522.18;530.85;
1,23,16,1,23,16,p,AM,495 ,0,0,28 ,30 ,16,0,0,0,23;22;20;18;16;,72;68;60;55;,0830;0842;0849;0854;0857;,510.00;522.18;529.95;534.32;537.58;
1,23,17,2,23,17,p,AM,219 ,0,0,32 ,34 ,14,0,0,0,23;14;15;19;17;,71;41;45;58;,0830;0838;0850;0854;0902;,510.00;518.69;530.82;534.78;542.42;
1,23,17,0,23,17,p,AM,380 ,0,0,32 ,34 ,12,0,0,0,23;22;15;19;17;,72;67;45;58;,0830;0842;0850;0854;0902;,510.00;522.18;530.85;534.80;542.44;
1,23,18,0,23,18,p,AM,99 ,0,0,24 ,26 ,13,0,0,0,23;22;20;18;,72;68;60;,0830;0842;0849;0854;,510.00;522.18;529.95;534.32;
1,23,19,2,23,19,p,AM,110 ,0,0,25 ,27 ,12,0,0,0,23;14;15;19;,71;41;45;,0830;0838;0850;0854;,510.00;518.69;530.82;534.78;
1,23,19,0,23,19,p,AM,190 ,0,0,25 ,27 ,10,0,0,0,23;22;15;19;,72;67;45;,0830;0842;0850;0854;,510.00;522.18;530.85;534.80;
1,23,20,0,23,20,p,AM,695 ,0,0,20 ,22 ,9,0,0,0,23;22;20;,72;68;,0830;0842;0849;,510.00;522.18;529.95;
1,23,21,0,23,21,p,AM,698 ,0,0,16 ,18 ,5,0,0,0,23;24;21;,73;75;,0830;0833;0845;,510.00;513.67;525.46;
1,23,22,0,23,22,p,AM,2095 ,0,0,12 ,14 ,4,0,0,0,23;22;,72;,0830;0842;,510.00;522.18;
1,23,24,0,23,24,p,AM,700 ,0,0,4 ,6 ,2,0,0,0,23;24;,73;,0830;0833;,510.00;513.67;
1,24,1,0,24,1,p,AM,100 ,0,0,28 ,30 ,15,0,0,0,24;13;12;3;1;,74;38;35;5;,0830;0846;0850;0854;0858;,510.00;526.99;530.02;534.04;538.05;
1,24,4,0,24,4,p,AM,200 ,0,0,28 ,30 ,15,0,0,0,24;13;12;3;4;,74;38;35;6;,0830;0846;0850;0854;0858;,510.00;526.99;530.02;534.04;538.37;
1,24,6,1,24,6,p,AM,26 ,0,0,40 ,42 ,26,0,0,0,24;13;12;3;1;2;6;,74;38;35;5;1;4;,0830;0846;0850;0854;0858;0904;0910;,510.00;526.99;530.02;534.04;538.05;544.05;550.20;
1,24,6,2,24,6,p,AM,73 ,0,0,40 ,42 ,21,0,0,0,24;13;12;3;4;5;6;,74;38;35;6;9;12;,0830;0846;0850;0854;0858;0900;0910;,510.00;526.99;530.02;534.04;538.37;540.74;550.19;
1,24,7,0,24,7,p,AM,100 ,0,0,27 ,29 ,15,0,0,0,24;21;20;18;7;,75;64;60;54;,0830;0841;0850;0854;0856;,510.00;521.78;530.44;534.81;536.88;
1,24,8,0,24,8,p,AM,199 ,0,0,33 ,35 ,18,0,0,0,24;21;20;18;7;8;,75;64;60;54;17;,0830;0841;0850;0854;0856;0903;,510.00;521.78;530.44;534.81;536.88;543.02;
1,24,9,3,24,9,p,AM,197 ,0,0,40 ,42 ,22,0,0,0,24;13;12;3;4;5;9;,74;38;35;6;9;13;,0830;0846;0850;0854;0858;0900;0910;,510.00;526.99;530.02;534.04;538.37;540.74;550.19;
1,24,10,2,24,10,p,AM,24 ,0,0,37 ,39 ,15,0,0,0,24;23;14;11;10;,76;71;40;32;,0830;0833;0842;0855;0907;,510.00;513.64;522.33;535.13;547.19;
1,24,10,5,24,10,p,AM,58 ,0,0,37 ,39 ,17,0,0,0,24;23;14;15;10;,76;71;41;43;,0830;0833;0842;0854;0907;,510.00;513.64;522.33;534.47;547.20;
1,24,10,4,24,10,p,AM,218 ,0,0,37 ,39 ,15,0,0,0,24;23;22;15;10;,76;72;67;43;,0830;0833;0845;0854;0907;,510.00;513.64;525.82;534.49;547.23;
1,24,10,0,24,10,p,AM,496 ,0,0,37 ,39 ,14,0,0,0,24;21;22;15;10;,75;65;67;43;,0830;0841;0845;0854;0907;,510.00;521.78;525.72;534.40;547.13;
1,24,11,0,24,11,p,AM,596 ,0,0,25 ,27 ,10,0,0,0,24;23;14;11;,76;71;40;,0830;0833;0842;0855;,510.00;513.64;522.33;535.13;
1,24,12,0,24,12,p,AM,499 ,0,0,20 ,22 ,7,0,0,0,24;13;12;,74;38;,0830;0846;0850;,510.00;526.99;530.02;
1,24,13,0,24,13,p,AM,700 ,0,0,17 ,19 ,4,0,0,0,24;13;,74;,0830;0846;,510.00;526.99;
1,24,14,0,24,14,p,AM,400 ,0,0,12 ,14 ,6,0,0,0,24;23;14;,76;71;,0830;0833;0842;,510.00;513.64;522.33;
1,24,15,3,24,15,p,AM,32 ,0,0,25 ,27 ,11,0,0,0,24;23;14;15;,76;71;41;,0830;0833;0842;0854;,510.00;513.64;522.33;534.47;
1,24,15,2,24,15,p,AM,116 ,0,0,25 ,27 ,9,0,0,0,24;23;22;15;,76;72;67;,0830;0833;0845;0854;,510.00;513.64;525.82;534.49;
1,24,15,0,24,15,p,AM,251 ,0,0,24 ,26 ,8,0,0,0,24;21;22;15;,75;65;67;,0830;0841;0845;0854;,510.00;521.78;525.72;534.40;
1,24,16,2,24,16,p,AM,299 ,0,0,28 ,30 ,16,0,0,0,24;21;20;18;16;,75;64;60;55;,0830;0841;0850;0854;0858;,510.00;521.78;530.44;534.81;538.07;
1,24,17,4,24,17,p,AM,16 ,0,0,36 ,38 ,16,0,0,0,24;23;14;15;19;17;,76;71;41;45;58;,0830;0833;0842;0854;0858;0906;,510.00;513.64;522.33;534.47;538.42;546.06;
1,24,17,5,24,17,p,AM,38 ,0,0,36 ,38 ,15,0,0,0,24;21;20;19;17;,75;64;61;58;,0830;0841;0850;0858;0905;,510.00;521.78;530.44;538.35;545.99;
1,24,17,2,24,17,p,AM,47 ,0,0,36 ,38 ,14,0,0,0,24;23;22;15;19;17;,76;72;67;45;58;,0830;0833;0845;0854;0858;0906;,510.00;513.64;525.82;534.49;538.45;546.09;
1,24,17,0,24,17,p,AM,58 ,0,0,36 ,38 ,13,0,0,0,24;21;22;15;19;17;,75;65;67;45;58;,0830;0841;0845;0854;0858;0905;,510.00;521.78;525.72;534.40;538.35;545.99;
1,24,17,3,24,17,p,AM,141 ,0,0,36 ,38 ,18,0,0,0,24;21;20;18;16;17;,75;64;60;55;49;,0830;0841;0850;0854;0858;0905;,510.00;521.78;530.44;534.81;538.07;545.99;
1,24,19,4,24,19,p,AM,24 ,0,0,28 ,30 ,13,0,0,0,24;21;20;19;,75;64;61;,0830;0841;0850;0858;,510.00;521.78;530.44;538.35;
1,24,19,2,24,19,p,AM,24 ,0,0,28 ,30 ,12,0,0,0,24;23;22;15;19;,76;72;67;45;,0830;0833;0845;0854;0858;,510.00;513.64;525.82;534.49;538.45;
1,24,19,0,24,19,p,AM,45 ,0,0,28 ,30 ,11,0,0,0,24;21;22;15;19;,75;65;67;45;,0830;0841;0845;0854;0858;,510.00;521.78;525.72;534.40;538.35;
1,24,20,0,24,20,p,AM,399 ,0,0,20 ,22 ,9,0,0,0,24;21;20;,75;64;,0830;0841;0850;,510.00;521.78;530.44;
1,24,21,0,24,21,p,AM,499 ,0,0,12 ,14 ,3,0,0,0,24;21;,75;,0830;0841;,510.00;521.78;
1,24,22,1,24,22,p,AM,393 ,0,0,16 ,18 ,6,0,0,0,24;23;22;,76;72;,0830;0833;0845;,510.00;513.64;525.82;
1,24,22,0,24,22,p,AM,707 ,0,0,16 ,18 ,5,0,0,0,24;21;22;,75;65;,0830;0841;0845;,510.00;521.78;525.72;
1,24,23,0,24,23,p,AM,700 ,0,0,4 ,6 ,2,0,0,0,24;23;,76;,0830;0833;,510.00;513.64;
